Base58 Address,Address,Tokens
1Af9S9dVjea5MDfJPKopEguuaPtpFriXj2H9gppBwEPHT,iota1qz8haj066d6h8wp3v7w9nsny5sceh3a5nggs9djpukx0y7htjjjt5e0td82,98109391043
15MTaKXU62NLHGU68Jxe6qYPumdbhGgvUjNoRouAUiiRj,iota1qpq2c6t8k5qc4d9slmrl6q33c52jlyh5959lrg6rrmw82e2as82pvqrz800,87017642353
1Fo8FySAiL4xU4Mvc7dyZjR3RNV74d7Kn2Ku9vYBWY7Jo,iota1qrdafznl3x707k8rngnejmuka75pl33pvpekf086h3x7gvv59f8ssmgazg0,84117084185
1361BchVLb1FekbqG4zqD1nze9KtD9CzV2W2BMiBDEwDM,iota1qq007lq7mfqqyfhp4m4zs40vvrttjpa6y3y2y9jjh9u58g5pu0p6cprgv5u,81824867395
1G1FUUQ4WvJVfJ4nWawDpL7fzpeMcXq6UQiaxe1gx6gQF,iota1qr0wl26c2k9zqu8h7uty7m3s7w83hzwhhmwyjezj50ynxw5lzm3asm28rt4,81276905003
12wuGioK5bN8RUVojZHwVt8uYErYp26Lwud4cJ5RrnD2s,iota1qqwwcf6h2up0ylntfw0vgjmctu0uhnm6rh2geuh40g0j54vl6p9tgja6qq0,81079460644
18ks7dnKHJnXsQPxxtDG1CRBk8RKd1qM6bxYHCm39EKst,iota1qpenuu4z9hxv8cc3q7c8m7qgu9sjyeze3jxj80g488q0097jexv9we8k3gy,80390245494
1H3jJTmE1cSbGsWxa6DP64HkUHYKktYVAogh273iU6RYb,iota1qrhxm7m730p5p8kufpdum85shzkkas7g5gsvm4xad4ue955tnp6jq7sfaxj,78892773787
1Re4o5YyCe41L43bxburuKw3RsHLRN7JtW5J6SNzRSZT,iota1qqrylktn6j3850rvdp0zm727wptpcuf30lsh6z5ds5rnfd8ckruquwdceg4,78024918502
1HD7tJYFM59eBe63UG5vqNsGoCmZkwPDtZXAvYFb6Hy54,iota1qrcdt04sus5qt0kwzhzpshh9w799dt7vek9kqtmk3c0zhj7u3trakaummdh,77978532147
12jsWK5GjJeY68fDKqK8sctSZDSEMbWtZb3yfMsG6SY8k,iota1qqvawvqq7g5cn77qdd45jrzsdfazv2mpcmau2r2l3rn6lcrmm2jn2tattq5,77369358493
1CDp8vJ68oNU5x7Pts1UydP5CHMd6gUuDub5N1xNgCL63,iota1qznt35kxex808jwht0l7n6dzss0ml68zp28wdrmx7q2awgvahvadse78dmm,76952453485
15dfarrN9WrwQDjnB41tgyvAHgqSaC38aJPwNW7njRwyo,iota1qpzdxjyak0fllnhegr623agxds3vlzgh7mma548kjk7amq93p9h0vl77lxw,75814563811
1HmLxdkPR8hNeEn1BCx7jmGpuWabQ6sTWDzCFegM69eRV,iota1qru3w82xkwj7qxtkdmv6r7wzyanqk3c8g87m5svjmvhhzxrmn3r3q4hsj05,73603350835
1Bt3nVsCVoP25GfQRiUJztyfLnnNWhh2r68g6MXJYBstG,iota1qzs63gu025stxhxy6k6da4043cwp3ycy56vylvmq2s7l60r7zd352s9g0dx,73057885270
1HBBbi3HXizZQWLpQSG1tfYtvn15eGHSwneXQWT3bNMcW,iota1qrc9djzkdhr3m6zrzdf7m0nn4a6efg5upfum89tf328d97uvjskcxv64rwh,72514708463
18jno6yaLDWNwGyRcSc31W4VN4fMpiAVnjRX4usxbbLBM,iota1qpe007uld8eg0eq2vy6kptdpycj846539gglf2s4jw53kd68muq9gnrats9,72373260640
1FieXzEMTxMc5FPUPPKcaoZWqL3AdwrwY8FcKUu7VikRg,iota1qrd2ahkf9krvgstqqlsxgzjpy57ftmvdafne98ncnd5wnefcyvaskgwrdrp,72187169038
1Bn2sXPzZyL116wFVE8bqG7Zdov9y54dx1bvQd7iXv9At,iota1qzspu8c0akusdwka8zjltguw8lspng9m3kustn653vzsdehzjsj22tutwh8,71397651685
1DBk4n3CesBBU1dHViCcz1SwVp8og6YCabxDY8KpQpDkx,iota1qz6se04amlfnzyufmk68h8dj3prs6555zech2xfmwvycvtjj39rv6evm20q,70903267030
1GnLdZoCLguzeYd6pgq6eyLSmQ7LBUqwn8Jyfa3Bxx4Tn,iota1qr48eghjdchf35uw4e6aj2f5k5yg8aa8qga953j83nhfqf6ljvdu2j730uy,70066296968
14BzUFF9LAcqv8gCzCR3i8EsPwUPDxsiq1oveJ51M64LD,iota1qqhk8kdpexx9zemc6f32t6eq7tx96h6rtna3ut059zgdkxy7jc0yudj4vs8,69496721422
15pWu9VtRXYHHQqhFxHue77kkFB6rMne3geU544ERvVfk,iota1qpre4kjv22sqspduwulj7hekzpaat9sss46pajeyn6zj35jykd2a77l9va9,67730749835
1DqKJZGvhjXabFTyidgkvS2ULBAc9AnXdg9pNe6NEj8Ux,iota1qzl2e5g7axfy2cumejt0z6xgmfla2vej97uxv7ahsj696gvvnwfez4g0uty,66706010616
18ajJCHtsPUTRVayb7DQAbkLVZc9FSPtjHmvwDSsN7R21,iota1qpc2tnxfr0j5um48y0pnw0gv63l4d2l423jle0yyfpzc42npqtn954qnyy2,66471816091
1rgfnueXXTFVmXTYEsJp5dSzfPcP6nHv3B3WBahGd5s3,iota1qqxt55p466an6n79lg4txpmva9stpmq522xk2w24l8q36fxn2kptvnsf7au,66402984306
17HgPg8NfF8FoSRnNHHxVFVHiPwKRSPsoYchHFWFBzWjs,iota1qpwkhapc8qw7xgqf5yerfp3y27vheatta8cxyputustjpjtytut4ywvcql0,65361950694
1Do4AYDZkfScNBAHe1bDMxPDjAJDs2ouNLN2V1v9B1w7y,iota1qzlp3zwnlc2k6c5tjqmx86vj8gdp0gpa2a9zaqwum4dle4vmcp6qc8pxx9s,64994657109
1B3CGuotoUdcWHkdjRrEQj59dszamAuno1jAb7K5kdv68,iota1qz2jf36lz4qj7wxwpkt944cpkwr96hyznxqc7aradvs9p8l05zfw6tu7y7j,64964044976
1DKyF3XrW57tqZob3MJQVUJTz6S1aiedH9f3fv7Eid1DK,iota1qzmjsjn4mnx66pf7a7grvwyuz4lg3lrjnmujfne7u86w2n0ztwz35gt427v,64796523521
13k1YTdNkNc7cFD63RajDY7akk4T566CMiTanJSLPgUDK,iota1qq5thajp25mp09kmuedw6a820e2mq7svmdd75xml2s36r80y9ds6u77xj7f,64341854012
14CVxXiumhczdbwBb1GaZSQQ87z7RsEwrvkq47yXTPdK7,iota1qqhc2vfzqftcv7k4ynedtg953eul7nwrsxmnjjcwx0parua7dq705h0lamv,63517511131
198kfr65okj6wc4mG2bVYCPbhY4gEXPxnL7upDgTZNvYE,iota1qpudnuz2tz5xc9vs7r0fwzp8y23k3m530jz8r68np26guwzwvvqu7fvxelf,62874578302
1GmaNiohb64twYqqfv7YWAWK8oeyAgYLHmzoa9giEykdj,iota1qr4y4xyaevry26l7f2a66p0yafl9tkaxsjp874938qtv7zykrxh5undxvw6,62420663043
1DErisSu2HmvePF1iZy4wReXME5Q1ULZR9uwzjcWptp5F,iota1qz6ajqavas8z0k2ard54nryaqz9zcjshc528tfwdj3l0rppxfce95he2z5t,61915744900
18dDDsyQ65nm8XhZMhpZxmkbSo7cj1sFttG8cafwXUuw1,iota1qpc53zvpznvad26zkxvyy7yyjjkayydp7yexw27w3h29fd3r52mxg9v6eyg,61770447803
1KYYjEC6beSjacRUJEfAgcDXzKu1yhHmJhNvv4cP6B1v,iota1qqzvq8l6r0uyjt75psrmx8uw975h4ywjll04xcgp3t2lmy3cw7uw2h5rj3v,61534536709
12BBA1WrVpkYD85MEzMeJLjUNAWeka9FCLPwtQF1vSA4a,iota1qqghd7jf8azjyc3ntyfwk2xmktc0ty8ydzxsypf9xjavr52quhc5kk4s3tf,61174850643
15kFZ7Prw2JH5MsMBzFQwHD6UDwWpaF3SoVvrh9p2UQXi,iota1qprgxtd8y6wdjajtnnha3tjc8sveu6c35txqau8e7h48u6w4zr6aj84992x,60595964015
1Dgg8TAPL4LTFEmqGXk3tMD9T3isvW4yQM9qwrowYfnFh,iota1qz78vge2js8vfr3jqzrc8388uzmv08y3s8awen8xghuc3vuvwqq5s60tzcw,60367374345
1B5FrdQrTk4MXpzGAsQcAt48zCZqMX6v7jp1ZbYWhnraE,iota1qz26hltxpj9m2esu8y3gc9l5gggpmtnlf8pfsdrkapaj2knazp6dxp3vcv8,59716794984
19J6ZkypyE6aFGfGjmfxerJzpjgSLTkKXSzb53WPrUkoe,iota1qpana22tzmgux45h06zgkrfse063fqecg4fp7w88chn7mz8cgu972lfr2a8,58620441059
18zATZ1qSALNqGcHVhuV5PcaGFxm337VXw9ZLsVCDF3nE,iota1qpm2dx72ka6k9ld8qjchqaxpn2udvjvehku9ggpdfw43hszgd4w9wydr4al,58267023068
1HUyJWMSfXKDvy5W1etxbJQjc1ynbA2GsP2FRxX4eNRLR,iota1qr6w242kgsjpd9cagvst3ncensnken5y266n9pu7zpw33dnaqj0ruyxtwap,57998289109
1EMBsJh2Ln5rELHFnNMfqQQpLTJpqZt8ai8bNDTmE1zWb,iota1qrr984taerhlpckycmvjahn4l6ukf9djpgkdcrvm53kn53v3hpfgsyqzp3f,57909625759
14QUTi7DCoCP8pp9soUYmAoziugeSKdUVuPQBxqjVFrNy,iota1qqefv7q5axcv5sgx3yt462mtmydlqsma79pye79exa8dgu4vehtguuxtamw,57432237730
1DpRTsJRM7U94gjcCdJAXwzZpnk8UTPjsmnyM9Nt1nTuk,iota1qzl8yvafv94etzwrzud6ee885t7n6fn72lhqukwaj8cvpwuq03vvx45xg2z,56868462104
1DMozCFRSC5ry81yss9xXNNdBejaU1L6DPc3qxWYxFtpq,iota1qzm6ply4fnjrtsczlu238rzez7wkte5axlg4pgypsyej8svmlzdvymcg47f,56599038917
1Ht7fkAywayVD23DXBPRVJLod99cUvbCiKGDaSxMuSn9z,iota1qradxfksc9k0qj2nm7dpt607zf5f3dn6suwvp6elg9p8j09g3p9y2t6fq20,56131807250
1CyC5xyHVFxcNgErLtXtf4roYkQfxXrNJX1kG47Z15Lid,iota1qzcat8d5y3vlqc47ly7afvqhw2kyz8rseym0288mcxt98ymc2wgm5f6r090,56085563942
1ByJymo8TwgQWZQM9gt3WHhDfJGF1Zbg3dzzqTZkuZuyD,iota1qz3srwf2dyg90x6mphqgze0c5q43kspwd652fqvwsdqdf3r5tk7jcruhrre,55247735596
1FUu82HHiWy4AsUyqwmnDsuFc9ajGCMCbMuJNNvvMDHFJ,iota1qrtjjwmhc2dlv0hn5s4lrdcmh777c4tcjy69305v9nhgxqmyl42h6x9c7x9,54728889844
15pzJ6dCz8uRmMp1FSBoTm8nRU1zBVDfXwt6dP8XrVyfm,iota1qprmn4zzjnxx6ueqxqwmd3xcsur8q4kaa6qxxqjje9d4ze38953fskn985a,54384366796
1BtZ7pi8KFPYu6oBKD2FP4pmzArZ45ut4GpTbsQ4n3cRQ,iota1qzsunnjezl36exwzrzx8dmx0kd37lqqf5za2k9n4lxmp6ehwarvnxh74g8r,53641183781
1DoBsdPWqDffgKN6jBCLj7KqyHpRZfSvKA1BcqXXtfvRp,iota1qzlzzsgucp4tpa000m3mlj5dczhyz56tkwznpd9c0jlaa3pn5rzhx7vlzrf,53467173179
1CjvcF4aExwevP8QjG8q7mdtTbECgYTo8wWiSZRjvwpzK,iota1qzhxlyyrkdf93kltw28j28xdpfpc75xa9sfmzezxcvs0cz0hs5ufsze23z3,52975428397
1Faj6g7ys9VGedukKBPVnXRZC75bwLDrPCqEWUpu4LiZv,iota1qrv2wcjr36kyf00y32f93sghwtggtkdcmav2hxkyvm0pv7s7xgrjz6c6m4l,52763367199
194J5QqFUzHu5KqYfhrqFR8DohB5EFafCwvNJEbaghd7q,iota1qpmmtzac6lxladx2nd6l9jn9er8nxgmegtuwmuen4y89ea6pc2a7cy2r5fh,52310765374
13a2yu6VG9JoXa4sSH2Jn17MEQJcMiax8YiKArWWWa7zK,iota1qqnzm37ds2sq59p27l7mcnhcg5hk02nqmj9j6rss2kfmjf0cku56c92egdr,52139927822
13nd2G5KV4hVqXRjnbN4WG7Ra6GYk5nZCx9F3w59duFmV,iota1qq5kw0t65vulkw4vz8dnpzky8prjp2tvtu2ljk96lg7tgjcpc2akcsr2jpj,52044008070
174Zb1P8ckJoboVrzGzV99WAsunjFEKwnMw99f3N7qK4T,iota1qpdqldv7mvf0e66je69hwjfwn7myescjrev2k8m0f9hysa9akgzdqq4znr8,51940259726
1H9BeKMkughaByTv3VuWBkD2jVZ8d2611bTQbE4aHeyzL,iota1qrha82lmmrnw09qjh0srueyvkqwx7n5spt9xqtrhmf9nedqadmag2mwecmx,51787043007
1GKBGYTN4Ju21UzinGThHHDmB1oTGWzjeDa8GqPqzjxgA,iota1qr3cwhj4vjxrd9ny94ttejy0ttc534senaamjer7sfgruwxgj8tnkcc8e8r,51253983549
1HG2Xfc2nXRdiPmnuBGPycSWiyT8VVy3MdAzGCU1vGt6R,iota1qrcegmn4k4rzrks64xg64tz9ayqwv6rvhjcwcmf7m90xjp5zu065uw6sd88,50466924010
153UTgZhq6WvNaMTuLtY48KMJJhqNCeiZkoBJgwVj7u68,iota1qq7ppa2ltx3mn43ycssrukk0y3uyyv4stttgtyvj8p26g3g63hdcjt0axce,50447729656
13fEuwcjfijZvgQW77ozYVCTTbQGYJ8ckTU4V5MSbvDUG,iota1qqncxtgrn8rec5da6n4j3r2effyp7trgdsjr7z6zqf0c24mv26p724ttvj2,50243314989
12d2GkesH2VEakM2Qq5EMMEefMX48hVG8pb5BfEivAx5a,iota1qqvpvz9237nklnnlgwdszjrh9nmk8m9htth75cn5m9eycevu5pk96s296wl,49678394984
1ERU8xRqydtzCzcEYXfPHGSzbKaff7wSq7Wie1QEiv3Up,iota1qrrkerd4nnlhnvlf0e5rc26jg65e608ghpfcn2dgvsxs9htndsly69gfwkm,49435812682
131Hjj4qJAo7HjAYLJBguFmQni8Xc9cEnfuhzAVwENtDc,iota1qqwu5nzvqjapwhx4c9nu7v9lrzlftwzyyp5j470j64k6fzzhmpr97g0p3e8,49279461925
18igCuoYXdqzAEzsBHtF1WMAs1RAYMmj61f5PR5oGdTXL,iota1qpe2auu84gqwrf6yd32f3yfw6ddvpvr8qlxu4afpt3tzv7eck29awh8dx7r,49272361575
1BemRumx3dvbpKTGf9DiE4kJnbtytrHCJavfxgF8BYuMo,iota1qz0yrxyy50v00lmtdcp556nn73evy534a4z4fxqsm4ftauwjswzdu6ayup9,49187261404
17V9zbt5hUcQGpERnXsApwVs3sbyWC2iGqDj7kqV3NxMv,iota1qps9ervzjhhdfrvur3vmpseps9r3es4l76zxvu4s7xtej2vj66k7z4xehxt,49053082987
1BagvVfVF3LWUsRRn6cGsYPJ7q481Soiryp1PPmBW2TyF,iota1qzwnvtgl6a9884802xmnddrxnwv6yapfxw4htrtnhy7y2yun7w4eurm35gr,48760902267
1BBPfRoHaf5JfY4BuGqzZr4qGwp4x8m4x6pCw8csxrrMQ,iota1qztnun2wxt67kdw9znrg6jl4rv0ymvrmye93ja7sslp2wl74cm0pkcsartz,48749640539
1FbUSprAbEXWff8RazF5qgrhYHT4VT6xwbM93LbYpUQiq,iota1qrvdseva9nmy9gzz0y37nlz44azkazh5ewxwfkxy5hfqyp7csnxru72cr3q,48587320807
15Nmhoz2rnVekUHDM1g31tB6rTFLbRoHtUimJhBVtxPYz,iota1qpqsylwzp0r30ghrju2h7ng33ee2tkwll6x2kku859eexgjzevmp7gfn2lg,47837960747
12AfqCgNDqupkMgLbBPPo8K6fwpfNHGM1t4qMHtumaS2v,iota1qqg4t5s504eerhn5nxypgrw89dyu5nmn4yanfxvck7gp7wsatv9pkltxt9n,47606549143
1AphTL2jDKyz7fqjiB65tCEbkhaAvnVGG78X4H1Y91rLQ,iota1qzglzwxxqrdpdpl048mcn45209m46fzrljq8dcdnaqhs4s20tkpzjpld0x0,46978922380
1D776XxTfvCjQdc7tt7wrc5RMbRVhWSV4sRtCjDGZAURZ,iota1qzeae84aq5jwuzw4kl7twwa9la3eascft2gj6x2u8qym778yextjguqnufq,46815497282
14i71MYBS9Zh4q7En2FDBDae8zEW5py2FiYprRn1BjnmQ,iota1qqm342jzdrwzzls4gufdq0kz4yykpfqslljk7r57cydvf9tmketdxqpehjr,46594151010
13Z8n5WGKu7M65VRCmPjnS93SKqKEH1i7bpCtTz2ZTNDk,iota1qqjl9s8zgf3wl4w3qlxyhdcxjyr4gz44cz2k084j8f48qd4yzt5vwkwd6df,46588624180
1ExU8cKEXGRRbwZwBntT2Y4gBG9seCncN1mR79CEjLHoM,iota1qr84mr283hm2lkp8wj66qr09s3lues3ncxau8fvyx0pssvxf9mdrszdnqdv,46588624180
17T6gpAYc6tb8i5Fzie2h7UFnr3s7upQ88SVfDbJus5KS,iota1qp0atfh6ufxllg4x5sn6755pap2dtjyq9n440gsl6acn48wtgmr76vn5shh,46524434932
13q7au2gtWygamCacQ7n5sgstJifa9vhdWnC6o4ckk1be,iota1qq4q4v57vfnlsrelu478x73uvm4wal05ac6y7gut706uj4suvlr7zzwm7us,46498504348
1427SbKXFN5nZT1wTQaYEpaKabAma3VB7rzWL3RyMkNUB,iota1qqkdhm96guhuwynepcesd00qce05vwaw9wphlmpywz2xcchq6rd3g8ug6fg,46283790272
1G4HuJqktpQEy9MtmkaHrJfLHxdDLZRpiUMRQ1ptER6sn,iota1qr0mw2z93yx0ehcvn6tkkc9xe55m9q8g2ranqdh0lhy3xgg9ug0x2h8djwu,45713070347
13UegCH231cauQ8GU6oNxoNcjkWbv47GwyediraGN8kbo,iota1qqjveflr7ffqpep77hufjkap05eyvn7zgsuvq9vk080tcs9v3ys8vagmhjt,45626643737
18sN8cSv99HjomdzV8kKLCwR4XzJrhAkfaLkStAmDxpLx,iota1qp6w300eccyh7deajacnpg0rfvp60gqnx58fz5m7ax3ktn36l8dmj9t8gg5,45617189608
18wVhbsuPJTTZZKjPec2MQr61h9WDhEzJGZ4j6SoD6dVk,iota1qp6l08ukcr7aepzfn55n2f2zfmg97t8jgpm0ug3x3z4a5ewp35efkelpdvr,45572597846
17YpbivvaGMruQKXZkpiKNjXsR8fjt8eJAPQtjzXYCn7S,iota1qps5eujk8elq6k88z7mj64xvw5j5s57wdxwrl54tswq868lrdhz8zqw08p5,45397247800
1HNgU97ZDW7jrTcd2Z9bgdbP4THNypLFJhEE3ho4WG8Nm,iota1qre535rckw32hfn9nfvexf46np0a902f0s87cw7q05xe3s7zvhs8yy9rp5q,45091061444
1BVSWvaHLRMn59PHCQTboq5ZkQbRXgKD3qSjv2JPFH8Gq,iota1qzdam7uayunas7hs0xt2euxmhm9hra7jac6n8yc8keelq4a6yrr8ym2mr3j,44913279593
1B3EcYvFMd8mYXKHHdbAc2kJyPnrCDUsXPZ4Ku17Btgsr,iota1qz2jwmzw6h452j9ehgn8rdrcjwevuu7ph45ugezurzch9cqezcv9j395jq6,44808829017
1CUkw8Mbtb2Gb4TZwivugVoMjV1Tn67AxDHuBusMvjtts,iota1qz4ge6w68t29gw9xcd6xk2tuqx3fky7fwvrlnvuxm7ecy83mru2uccmxdul,44214636322
15YvBppMbvXFMosZix94EyxJ72ozw9N9jqgU2WCkyuqFc,iota1qppeheqlpdtq620s888j5ma4qanrctq2ln79jg8aahagk00nshmu795tdvk,43942950386
1DWX9wbYPMDFPcsdrmuiSm7neDL8R3QvaFFoR7gidUzPG,iota1qzuact5htuhdczpk83rqffu9f4xdj4wlxxlszlvn26qytdtf85h7wm7nkyh,43816847642
1H8gviL2ExmfydUxxYMiLj679Gr4SW7RpdkK2hcZ56bz6,iota1qrhmxvmhcprdz3e3j9katdrsd0nftgya9kaem5crpslufq7q09r87qjh33u,43588023895
14JCWhYNJcv4ne9tNZNePQwYhGndvc1qiosELbKgL7TCL,iota1qqc04uu9xng6rqf9pyprr25dsx70k4m0nmkllecs7vq6s69tzhanjnvawqu,43565318379
14S5vAYtiajdRd5fVbKjGt1aMNfjSBZghERDzCcYvBTKG,iota1qqesqglgpgn6wfea2n7n4c4dmsp3k54560pc4m79q6hzu3yg5nv5khlwnyr,43101376801
1Fpm1bdyeoxJhuGC5TkhJyvwfDchziacHsTRmszKF9Q2T,iota1qrwrlttk758rn49gse2lvrdhwertl2wwl8rktxxhew6k83hv2aqnqu43ql4,43043182537
141F54Aa32Mpp37eEULbzo43UCfzXA8KmSd6WovmtXXjJ,iota1qqk297pu0w0uewnh3ux2t5enr8pkkh54t2aw5yvk3twcpsdxg8ak6mw3745,43024066209
1GoJq88edHn2C31HmXwJB4MafTJ3w5qk7zQzf12HX7d7i,iota1qr4tctny68rfd4fyns7pnld83g8atf6mxfr6t7g7v347ef7q9pe623qnks0,42607863434
14pKg1rUxN2XuwuyM6Wn4QH7fXaAViNC2ysGdLTxf1ZgF,iota1qquty7xce8z9uj85c7h98j2aqsa4emv2v30fhhmtxmq5hcaauxhjg50sy3w,42351821676
1BXNnhr5LumderSXZQfbHWcHz3xhQhx4pvZKB5Tfs54z5,iota1qzw9em08fkhky0xpkayzndqnmexpspx7xjxar2r6c4as0gf34z395dk0v22,41847306667
1E5Niupm5fFEvxaUSGBuSFZ6kwwBXvtrfoDxjTqY5cTw7,iota1qrpyd592vn7rxfkpnj76f8vfpf76sv39gphg6qhkfppkvn9kuvzsy0hm9uf,41650356471
13FVFot86sdi9KbZecanbXcDD8sxjH9mDduzXobfQn17p,iota1qqsk6aqu74w56p7x9m0suy787h5vntlj4qkqxze4qsrwujp7gfkyxn7dlqa,41552212983
12mgz45VTF99WDEpFk9dDsQZJqtMLQ7XEsp7ijAU1DT3v,iota1qqdyuu7rlkk9f8za29vxcnephsw59d5xvw2jsawf3ndq2yvgl549z5p9h5w,41532069315
19fRFxvdpUzNVqvgWYkcUdZ2dsSnEd53p1rPmqNB1Rgot,iota1qzqtfl4frkykh33lkeue428xyu78eup8scnu0ehpgc9r45zf43h9kpzpjcq,41429686423
1GNLscSrhXX38QnYgs8bq4NFvrY2s14eZoEWqWCg8UXhc,iota1qrj9d7ydhecklvhgnq3cg7uyulhy96fsg8hj04lryva5uq8mfqmmx8qfpff,41043627626
1Dxn8PVTfLDYo6e9ZDB3nzNNmF1TY8M8Je3LRkkBKu36o,iota1qrqfvd56a23rxst0jkvgnalkvxd8hnk3m3azeak4vt364j4tl4j4srttcs0,41033120148
1BsT4A4wmDbMjfjUrrq7zCoBnV33kb6xqwYhcSQCMtPep,iota1qzsczh56dz6wcz8q65xtacx8x9nwv2hfledr9p9hk2lftsddl85qzy3326z,39938313736
15b6X5r7SBEswjodzJK779pX39GwJ2fDMrjXhFPNuG4Ne,iota1qpzz40pkjdvv3uxahlwrp4jqludq7tqx048affrp6feknpa09npgkglkcj0,39883084453
1DNmS5CR5ubQnJFS5tiDRmgFL3TDjAoVAU58mvoWmi2e,iota1qqpjh998ul3kt6vpeflnks0farfvuk66z7pdh5fu4dxy2p0q9pfaxhew2um,39767645239
14prdtqTqRDTS61bmxFiMsThnZKXHwQCLpf1516CyoQnC,iota1qqud27uxsx02guaf53tqswttexzpupk8cg98t9392xqxrqhq3cvyj9k4q5v,39554751765
1GUM3kEczY7aBobrZFdedwhy6Z8xpT5a5p67Gi3BF2s1C,iota1qrj7pf6qa9ew9ph6pvsn2jf5aeklzp7m8mjjjk7y0tsemtjkt3k9k0kdx2s,39518378725
1BJv3msnYWrW1EuASzCx2AyFd61mWjRUHXoZLR1eWGUMJ,iota1qzvjhwt3rsxt739m5cac5erhn3tnmcfp7qr6s9ewmd4l684yejs66nh4wsz,39296109147
1EJuBsRq4QPTkGYpkXpPxjz1EQiPVwSSZoEiTMwpruaRh,iota1qrzmmnl3clzka98505gvpz2gy3s9fw9d9nlfjjfz5gkz89arwq45c356v9p,39201762916
1HttFfwMwfBTyJLD6xNMQW61pyeavLmK1fpYreuRx7QjN,iota1qrastyrpg6x7da5fvctgn7wghvsud0f76fsvj2twztkgjaetnutt2ypuqpy,38941078622
18zqeBKRS2QntM4miWmWfsZdEY1gB3t9qHCwucmFWvMRv,iota1qpmd96wydlqxwerahmnekvzc97r9gx2p5a0g0y27xljf6v3g6hlv64z55eu,38906318115
1Ejt8GKdZLMuLAt8rHzTiHCc29SbTEX6Lprgg2BvzPg6L,iota1qrxzggdtv4e4a0ett93wdx66cew4w472c2wwg7gwg0ewsa7sge6az4sletd,38847967800
1BPAwnUcaSgrpadq1xi4UX8NBicBK24TEKutt3iy7Rgej,iota1qzdy9epnrmz6yg3cdjd2maymnem3gtdnq7wentvz0c4jqdql8zxxshgs4jw,38809696131
1CP6wKJWqBy3Hs7HpJrZhZhSymCSSzuTWut7abzYymN32,iota1qz535z7lckzxvpeddzpe74lr2jnustwtxwjny9ueatcyzzt9x78kjjhsc2q,38471064034
17m7n1XXmMEjKsLbzr644EpQFd9ZQVe865vQ97EkkP3VX,iota1qpj8x44af5kvpf69awdgavs9u0vme87j0c4h8kvxmm4yjaklgyjluu8km8j,38427161501
18b2TXsiiwofFjn1QrPr9V1iZA7xmjXoDoLAyN9RVv7BW,iota1qpctjdp40e2av3wewq3pqcfxw6mnervs0zu5e52dxy9u8gz7x5wvzz6udu5,38372322347
18ADYLFgMWKArJeDSEZ7ZanaUuSQaFMn9PMRME5188sCR,iota1qp49udctkwd2d5tgwqnfl3dn5cq2wantfrxnafsp5l52yg3ayp96v8acq4n,38338160038
1Bed71yznnehT6cKz4D7QJxbZtkmAwVe9VnaEbWVf2wVB,iota1qz0rst5v2wfcuyc7t2zxh8ad6l6f9ywfatkx23hk2kfenzd54qy5ydd2w2k,38106943499
12rTJKvt8hiVJExXJVypChLqRqpXAGm4ZrmCn5LHtCbCf,iota1qqdcdc05kehslutg6fffk8kzw3vs2as6m42fv90twfrllevpn2v3gnxjq8e,37931905556
17zvJ2gBbNpdJtFLGWh67nKyTSqrmiu7RfHFkMHWBh9zg,iota1qpnlcl9ggl89xx9h62wkwwq0xr6rvy0lpm8x2rscutezllkhjxlnzq492h9,37755073020
1FXdQvzuLvmrLSbpMYgEdCuE7jtA9JfJA4kBJWgSHebjT,iota1qrtacd5da7gjeetjpzjjgnwgy5jrkg8ks8d5srdk8z4akam2km9sunhnf2t,37101736747
18xzbczRRweCpd5ugUeWMLLh4RdXG4wc63MBop3N3Bt9n,iota1qpm9ncx9dr65sfg0uapds80ddtx972gv6q50gym2kj6y6stfshqljtdc4sp,37074869853
1Gt9Abr4pZPyAFM7CdJ5eTZ2cj5VYMjwo6ALCdW8d9PhS,iota1qr4lj2r059fvc0x9803g4yeszqkkxkcq0cj6ed6z2vvp8hz7vz7kzyjf7tr,37061644475
1GKhS28UBAqnWEnCvMQYpJGoQCZxZBEGfb9a9uKVfhZC3,iota1qr36j7t0fdjeajufndwyzyccfjg6qz3yr96lkakpgxz5kqm2yl86qujsg7l,36920716824
1C4QsMu5MF4T4wNPrsYnpGpibo1RnKXE7mBUcphep4xrK,iota1qzj9qj2ujqad2d6d8wj5s2t8t4m5z364yjgtw8z4y4vcq2le7np0qs0jdtv,36862951702
17GQW7e6SbsVFERnLVf7ib2gLezQMddTRR2pToc7qVnyB,iota1qpw3s6z02mu3s8mguz9f38gtukna5ng5tv4kpcg8fxyy042ucghwut3ycee,36301763933
13v8jDGcEbcK4pGFRjE9RKBMQdvgwEvxVQxCroMPzT5wN,iota1qq448egzdve6w4zt2dd4aqzneczkszc4s72gtqe6wy5g99eqfccyzywz02s,36162708901
15VtdNN8nt7wk4vzbZvxefzJL5x25sB9pxH25aMbRLF5p,iota1qppd2c5lrj38eadse42mmrztve54az95t4vtdntrjn0aeknwfnsywk5f5ta,36123084785
174Pa6qYZwUemH6fHqt3zGuHoAXAdwG2fHVRLQzNtFUTL,iota1qpdqgcnl0670v28q72w03hk92mham5n37xdh63k64g0d7tj4d9sqx606vz8,36093578017
1CFKdWphapf9rdRwkic2ofaVuVEyxbnp1ywnZrgddZibW,iota1qzn3hsyy067mqkakmkhgkwekn49773kdyxv9xppcv2ng6jpmufyf2qg9fwg,35838615617
18wX3chxeGJET3amodCovL276WPYwV3iivmoEHdL9yUuT,iota1qp6ljf80yd6938w087zsm05dn2z45f7gfkc5lxdt23mxp9ephn2vugqfs29,35369017166
1FHvtyXyJrHM1ehacgybJGzYU7yy7GKkrekqsf88JoPri,iota1qr29nkdkmlj98yvlux2tdls5ggpsjhfese53j0nj7wpxlxcwuszmkhkrn0g,35369017166
1HqyJZVkjbF7hmUWTMgXny37DMt9ij7fDZ17WKhrPSifc,iota1qraydzqf0vv3k7ly72ehuuve3v5qhgztgpujtvwgrlkv8g6wanzxkxmlugz,35008446807
1GX211tedft2J4KD5AHe2tGytWSGg7YxW9KtacHa6f4Cg,iota1qrnglkljnp9k3cncg7agv0t9gxkeqm6fhk6lpx4qpz80xv08agghzdhm83f,34993309796
16ZXsQjCgGeuVdKTSH8Ca47Z2SV9XJojSywRCCiJg8L3L,iota1qpfflm9zx52qpf2asn0xxq54nwg8zkljzkd6nshqhcjmgesplz63kewxvdm,34893306692
1Abs8xfLZ1V3e2bvMMVq4RuJynaRMo7Bw9Mg9zpYy6E7x,iota1qz8208k9ttq2j8u2drx0xzhzfzrkj7k9jllf8ej8tdtlr73gwwe57qsz34x,34866803919
1CBEg1WnvNYprksCuguDVRPmAU3g2YAk7Ey5F5GeFK65Z,iota1qznql5ht9fr6w582yf6wyd8lzg0e54ddq004erwqfxk93zpdqktycuvc9ev,34642609705
154QHmhUKP3LJHtj6RoSWrzRCoTrgHEpTAmyaEb5j6XKS,iota1qq7ym5kpqxveyft3azkc5peshr620jdwzx9rgpmd5e5632tnn7ey6z83mad,34575416462
1HurbJhfQp8CYKGdDhyX3jNbo7Zra59NXsnMrDsGjFr71,iota1qra523pzye33tlesfwkk9z5lrzgqx3sz4xuc3fd457xe7cn245hlqz043qd,34469249317
1DhSBkXh2udNFMoCo4FrhTZQaF4hdPRg4q68aRHFQwGma,iota1qz720ulq6x9wm2y9v6299lrw4zhkuglfdkxk8narjux2s7g3nhya2rkazjx,34467818844
17LNxbjf9cmpdwmyeSHhiLjhcaeZBeeB4c3vTHNHRygN1,iota1qp0pelzsfu4kzxv8zmy7vn0y9yrzayg6nfzjfcsjrt2v6stwr65tu0jzra0,34423149057
1AxV71Ur8mqxYPro2cCrSqmpmaTEvRGkNeZwRcCTKFt2N,iota1qzf7le6kepwqaleq5lxfd7gnm32h2k0z39ewzprqhr5g4hh7f04yk3csgxd,34405723288
15frC3bgnrAHZAJukgcHWQoe9PrPHbWK8zf2N1REQiT9v,iota1qpzkyupscy829cpne5kcxqtun9fwk9myr0ugrap4uh0wj2gmmv322d6q7sz,34386372883
19vfmjMGwuK8pNjXzJuMiGdvZXf1MFHrhvyXBq4b4D1ic,iota1qzzf680k82cgt6pc63sts33khhga4zk6dgpwuhmtg0kh459vace86upmpk9,34304458767
16GzPXQNXDRC3QSDZ1cU2YbVttwGUWXbfFA6RjhUTgpuk,iota1qp8xxzf4lvsmmq6sxr2wcfms37rkjrdaqkfs0ux4rlgwxuj5e08zwjepwy8,34175000913
1Bfp591FVCWimkPwnZpHcQhrTX3tVPGqWjyLcsajRCdKq,iota1qz0gv20ttae70afv3myn2tmnzv8gcfl3whyr8f6lutw6h760ynhscnufe7u,34175000913
15UNoz1jFr7pqwxX7HP7X7htAvExnjCby1iCdtyZGgboH,iota1qpp8y9c6u0957rwvfz60xv45lc6gp0c8h5c2m5g3uvqydultkxuvcxg2tjs,33974474533
16AqAAFhQ8Dh33kcizca1REWpv3nokhRmLemo8kX7TrxS,iota1qpxv78fl3rt703tpt7w26tnnqaux7njvpz4xuhn9hx9ve80gk5m7x8yvkr0,33890830844
19xPd2WMSJVvyzpSvm5dACSbk5pW2VYmFjdygjyeyQWNb,iota1qzzsupyghkh85jxq799nrteht0v0ay9umhkuvder77h6vwpj6rjnql5qaum,33672423545
164R8jzuiwtsS9Rnjgxi3JtHj4o9xFdarUp4NZYMnMHqy,iota1qp9j5acpxassukk3qm9hc377j9e7sdg57gc3gaqfrxejwr4hf6wcsz94hge,33610666101
1FgSE2rdXYQuPHWBZZNkNhmgroHkdPoQBAaZsisY315Jw,iota1qrdpmjjgn9jwzp2lwfyx84rxc7tstt9pg5r226tlkjk3hlrys7tzqhmj87z,33561717898
18KvhtBRKeN3VsbokbNHgaDRwrBxrrCfPmjUPw9ygWkah,iota1qpkd4lxzr3njyh0sc8mn2njr69e74sedem8k5hr7f3cqtv4kmxc2vd5h8sk,33263633223
1CcWiBwtTkgrkpXS7pEha6qTdLMEPWfvepGBB7aJ7jVNA,iota1qzkgj7jkwhm4evn027jc2vll2sr8vg0fj5d2tmarp6xhxezdld7gkpkr2hc,32959995711
1Ch5KBs7uDLmRmPdyx1vYimKmWymz1VqYrJWyyTHiL8bg,iota1qzkmf2n6xqagty50z58ttn34tnj2r8s66vmwsks6rw52z0ql6wad7cp4k4v,32950944715
1HXQbAfAMufDiquG8Z23HGXM8a4cVEJsErHjmKGqJefQ1,iota1qr6c29jusk8usvcxs5r4cnsxgthtwqtwe9clc05ezhz6whkhdp8jvsuvvn5,32830498844
1BiWubM496Vs61QmF2dLPdwgSYsdgcHFGdv2j9Eg3ednr,iota1qz0nwluyk3vkltpy62d8kxtpus3ur2p8gwmm5zfw4plyvzsvqp7lk2eq4v6,32720118304
13kvsPnMh3dVcXF87HLuYvzXYqppAxySrCnEmtAm1kroE,iota1qq50ss3zfk7q7w3s90anwgxc3tq489mx6vu3etk4ka58gmt5u6692ytjl4f,32705605500
1Ha7KpVhUcPzyKvfDzUqVC2EfSXqRiJhGKcsqE5QekCEE,iota1qrmrvncpt63jg8arl0jr4f84j75xsq6kgpptnwgfj5f7q2kkh208x75g762,32685383806
1FsKzsVXF14mFJ2NCsq8dZ7kbgofmSwsMDfoPELmfUW3J,iota1qrwwsgm90lj63c6lxmrjg7tz9upfrcnr4nyyr7u8478d7sud6nq0zesm6zn,32563156345
14xatrvZwB7JMvBcdDxg2rq2FoLH8HYgQKgWkaSC9wfgU,iota1qqadq4zmxc8yrg6pumu5p0dwqkskfsq2acwe48qh6d9zrxsrcandjy530cu,32479993816
17qp6WWq6veaxFVDtMCzWP3NieYDw3gfqAZZTp2LNJgRK,iota1qpj6wspc8yjwg0y8psh046msll5qjz3tjd8snhaupkc5478lc4zevlc3muh,32399198070
18KyP56PZF9HABvomhv6ZGN2zecauzvSjsPVTVbxpmSd6,iota1qpkduq6p9qd0h00t9jdgxl56ql765v7semxkwe20xuu66t6fznhkzdltjld,32375920365
15QLq5HF93vvEPCkzxPmQbdNnArPNLDQnaQik676Gcpd3,iota1qpqknphp27q392tee6l20jv8d43ggqkfzegj5aqt4cftmewwtquyu3csr6a,32253302775
14k7dFbWQiCBYEGknv6dBETF2EMesVpuBh6hgwtR9kbdU,iota1qqmeapkfsazarrnjkz4p8pg2tegxm3eyy2u39qr54eh3u99pt67qxurk9dq,32171635741
18vg8cYAxutUxGGkMZcyZiEHhvU2gzvEw3osKzZHHF2Eo,iota1qp6ur4jnh8jk4quyjmrreej5nrvkqw58uzrrc4t3tj55lv6hvn2lghv8cek,32144976916
17frGLCRr2G43U3RxqedjXe2ennoauxyQNz8zp4yjsSEH,iota1qp33ne2f4jwmwqyqdcw2ka8gklp0kceyxetz8tquwxswk3h4tuervezms34,32132752869
1A3WpXuWkw33VUspRvkjrR96xyyhhX8eVjBFtSJzRSihZ,iota1qzr9uru7xyy3tjwvkdqr7urnpk7mke8qz8mff8ldwmc0dgm6ddpmcpkw9gl,32018171940
16Av1eEAKWLFkthzeZ1F2MoQynQmCohRAgaqMYsHLoiad,iota1qpxdfxs2y2s2dnv0fcnm66kxxd7jxkhmnslscuq7sxfmnhgqxjjuyrufqnv,31881171589
15Va4y38NG6RQMrcYNzGbn5AoDbaPKHiL7KQNkbh7fw4M,iota1qppvqe4pgfz9y47efmg7npnaf22ucg9yeye0y96qgr5quzm2u6p25xytvtu,31842379748
18cdx4QsHsS42uoNAFKN6XRdT3bG3HxnFfPP42yfGBmC3,iota1qpcj96j7pty36dyj7hhcshzjj7l2qzh5ughcwq3d9ywdyjveaafhqn2t4f7,31717811512
14EtiL2RN7Vxmt9JqRqaRXrSwXwpi6M4fJNznDS8zdr2J,iota1qqczy9fkkgvmrk03cu25sss8pwxhc2ggumel5sx7rq6sq7nvxxl07gz52sg,31595792120
1XjE4vXrytH4EdtMegGPQz5v4KHTR8frsdSRcFK89aA9,iota1qqra72e8ezdurq747uk8hc2hztx7edx4axeekschpz3tgjxxft02v0x27td,31466633365
1Hb5ubHoUJH9yqY6cWJH7NNtxDgXrNmxG3u3GSLNM1vz7,iota1qrm8vj23ef6rnr696zsucj9ur5p6z3rttn4v78jkzr3vlx2qayqsg7nst69,31459155889
1BNVDDTQbxSWPSLLc7foQeprgh1CDWoLkNtxhjsuuA18h,iota1qzdptakd75em59dndj343dry577wqhrku2dzqcmmtmnuhkccdskxv6jyp8x,31432197966
1Fs7eJ4VP7ViYabu8jWUb2kPjbL74jNWR3n6iT54gThKY,iota1qrwd52e080qvfqp069n2ektr9mf2ldyc0kv6psw8jxuq65jxrxgnxp0f26e,31396683209
16fPqdCpppKg1MbkUJdZJRtXzS7mZcC3ndRSoky6Gxh2z,iota1qp2zq4p2ud6068ltqw2d4gna6esheuq4lw63yjwpmq67cwrm2snrkwp2jav,31044747708
18LgJoLcWPRYVZiJrJm1Fkkr53gTbWV6d5vCWr7xPPhzW,iota1qpkscjwdzltss8p9e2832z685ky0hvcf7mq3enu0ufzahl5y3d6awvxj53h,30996176630
1EiqRDFYgdZ9hoCwpNo77zw29J9yo8XMcyYDpNHbtAwZ9,iota1qr9a7lfdl946lqvqlr52d2mv05u8zeers9agtcgsmd6u3g7yuujnsspjgnq,30908332551
1CJbE39JXMpxsuvuJZF2dxyx6aXFQuvR85M3uuU5aVGi2,iota1qznlygx97hqp5yq9wfacsa4muz70hlruk4aypz9kcnhcsvu9alp3wlvaare,30676127684
1AT8G1VmnJifi5qYXnvsmEi1zdozPXx872cuDw2sTZVk2,iota1qzxx5ld2m4j3e68s0fg9am7htawvqhru985ymt64v4vgnt0kc3gv7zc3gue,30676127684
1Gx51onevytMeJHCyuA8XyHNPXrxwodGAnfJKUjbTqFEn,iota1qrk04jt5jpqc9qhsrgh8npvsdh8thgaespk5fv32e3upac74nffhw8jm4gn,30460490302
13UaTeTg3eGZMmy41CC52fpzMtFH8pJpx3F8cWgMPZwuE,iota1qqjv0cmvslqexz9pkwlpr5357ygxvv63xme2newhcnyahz4kdpac635dvcg,30083599540
1E7mRiUtPACq3CXiKFr5ri5EkMYQNivXxtifTNEyKf4yP,iota1qrpw8fwwpu69wf0qktusnhy49wje2x7uw9g2c7vz86rkthxga8xqyw8xg9z,30036484944
17GDx8hGasR2HPzhY7ViNYTYuLrRbySkKEuUU2p8bT3P5,iota1qpwsc7sca9u0yunsqc9sfjhhss9uxjulhnwm8u8xgjyutxy22gwpsdxd64r,29957821904
1DJwC9ukyERqUkeohWUetzYtK6cmZS2iUYFKuN82JfoUw,iota1qzmwgerwqt30vgl3z8z9dj38ll67llyjmsus2jz8e0m8xt6ugd52ccpf83m,29744408258
1688iV57TqQ26qARYSNUdJeWQonZTiqT7XGJ2D6GSmz8f,iota1qpxpuw253rmdndjvugcmp75l5r5a9s647lmcr60t0m63uf9xntwdqa674tn,29541866211
17kcErFHbtFEqBFfZmhPXsmMnpaeQvvcu37jdqDtKgJYQ,iota1qpj9ru8zej55tuln30crh69v4jtyx3mscc84jnffdexfegz5re8ejjvydl5,29518614514
16w23X4rfB41MFh7vyueB5L7PSnavbbjrHEfZ5Pzg2SXs,iota1qpvzp7nxy50sk38vwq3hed82nk538mzn2v3l8cvfzayl5quz0f4n5de8g0y,29502593211
1ABvP4p1Q8SJ5x1rcXvzNEvzoLRqEiognJULgKgWhxivw,iota1qzyg2kg0yj3hk9zkhcxsxfrdfuhp73v89fvpdtdpvm9sl5x80kx0gq9p05p,29312977442
1FVokpaSMx3CdqtckaKrR3ErQaiMnNZName7jWKNG2sfe,iota1qrtkf0c2a5g6zzgjnp2759hs475yx0zrlegwhtnmd5d7xjg2vj5szrvrc82,29226836927
13Y7RditxMoRi69f4ak1FafPSc2Sc3Yfqi3NjE3ZrtZXs,iota1qqj6lf95fdl2xq0372u8s4ew4nyclct000qffypfd55r5smjulngvq7ut63,29173701338
1FnqikWe1nyNAgHgu8ND8vGPy39AvcfP1SJnz8fsoGrjQ,iota1qrdur46szjsrrv0henrf9zc8m2nqrs8t43ax4adwvjl74e0tsn6lwmr90wr,28971900536
1ihPVT9eUnNJtvvtyRFYXumXh2tgVfw7Eg1zdEnYZeta,iota1qq92u7k3lkshlmem57h9htxwtrtd0h3wedc6hh60j9wtdtvxngqnxexnqt2,28960378722
1GqHCebWbHrKkVmHnnKEgk8Nb4XThUnjT6Ys5kqjHwBJZ,iota1qr4nmqzxpfcwq3xh86uexcrj4df6eje2hdsm5ma9u0ycvwqkkf2fyyff497,28927880964
13CDsm2cALQxrM2hsPymYfLGTm581g45AzTNKNmwjShHX,iota1qqsfw5sm7prsszp507xuyfazssxggn5ct4dfur64plhdwfezstmjv9uv9tx,28842208604
1AxfqgJ6zJMviojJ8vyakMR2LfTWccjKgiG4ZZMFoXz9k,iota1qzflczhrnumqrrq9jt3gm2hfru3725lvd94mq8fvan7shg9zv8ty7dt4lea,28842182596
1BpFoc5HhC8EuhjsPU8PprBAkewbRfCuJksEVgQGhwZcx,iota1qzs2le7mjahcu2s4kcccgy3p0h7qw5cfyqeh53c2n3kvqdtzztnn2za08vd,28825159961
1c1S934CVZNjrPautfAYksTWPUrKDxTUWnPo8cJderLh,iota1qqy005vzpcxvgmvg0ksmd5u6uuqq53z6ggqvmwynkvj77ntqqrcyy5cghsd,28812844884
14Z4Qn2KS1RqQcP1DHSVtNgH1y1heoB8ovJ3F7b6aS3Yh,iota1qq6vnqykw0z5s39rh7wg6fzsylasn4y5wr8dfgcvvcj3yd8f57kquputput,28646688882
16vQodjZYYirere654cXokSx6NkKdvfiTQkdaBEGeT2m4,iota1qptljg0l4s0sa052w8ywyugvtzjt3w7rqh5dhkakv2p77ledr28p7kzrwc9,28609470561
197Yfqw7MTB5myN9Bv2XDBKi1C5GAHQEy72ahk98Pgjra,iota1qpug4js33xv6vmjsml9w94cavd2sw68g0vpzfus07phx9wcsvpghknc9pur,28510156685
17P3U6gGgSgeqhkpLMW5tg1fMqPxvE8ycVEpiekpmw3Wq,iota1qp0vhvryn0wsxdxa62gtv3gppldxqqswkgya7cgnjvnaa4a6p8sd5kl9yuc,28285221225
1mLgZytrsijMCWn9keNKJQroKLK7ZVTPnj4b3eHcs6mQ,iota1qq94hnmntsjjguj3aas7p5rc5n7hyefvnxnp5juya853cav8s9nsxhm24c5,27991688057
1HtCEJJhgA41RASSQN3646LdxZf7wpJ598d6H3k1WQ5xb,iota1qradsncl0cyaj9denff76uw6u54uampwnzt6p2ul82hyj7nytpc4qn55wau,27968098248
14m6WbgSpF2Q6Ae7AT87EqvGFSCGvk42VZcotBrgCA8sk,iota1qqmaakxwcrl3zrw8nfsf9jcd0438lwhtr2namppp37dg6m5rar2rxjwdchm,27959255321
17oT2mPxjkfyrZ8qFnaXtd24e2xvd1osShj3i2KW4mzWE,iota1qpjsc3vqyv08tyc09zyy6pldx682mxh658l6wz39y92ktxgvzwwdxmzhjcr,27843595034
1GXhik53rTbCopWJguDYWZxRbPaMtJyk8K98UUY4zzNEL,iota1qrnte3frugzgq0vm2kyqelf2f6zpk7vqnehjpke2mfgnuhrz66sez4rkemh,27765114055
17qzibhEJp5xvGg1aVGV7KGvdybBqQ3qF6dwzn21E9Z7D,iota1qpjmxshwwyurzsraptf4nm93q38948zwj403tlywk8qjq5juywktsy9np9v,27703304594
13xebVEgUJ9ndXJSHmNr69UAAwiziz5BPGr8TXobKKwBp,iota1qq4l35azhu0zq5cfmm3cfrmn5ua4awmwyjeygm5am4jpl2r4ms8mkgrdghv,27672107267
16SEjs5B5tqAhJv5pyHgWqtU3P9FYF112sR3DMqrTNy6K,iota1qpgvzl2he56azfkzd390ajm9dq8vefrax0wm3fqz0razsplexdaec45k9vj,27654434417
1FThcNKYXWvco2NttjoATWukE3YB31NkXCSFPFQVHmJZj,iota1qrtd4g4ep4dnr6uq7svcy6czfzltqcfq65zaw4f5vae9f92ftz2wu3f8lvh,27608516216
1HDpuCsCTjawT9VxGpSC9cdrYF66KUeWhRTKTBvC2KBkK,iota1qrcsg8cwljae835qnr2s4ayzgcdng587myqad9t97f8gaj630e5nszpufes,27583261856
18FjVsZo8sGspfXwgpqXon6cGF4pDX1TQE9wSmaZKR9Gi,iota1qp4u0lspmvh9rt3vx0vrdvk5fddptcvrcsrkns8ts8jd5u6h8fyv7l0kzf0,27547630061
1CzBWTFoCAJYYYYQN7miZyPftfPRNniGfvCqADSafjmrq,iota1qzepdzeyrklxpmmhw54vks89866xma7ccmmtth55tz8q47v4uyy55vjg7td,27483349783
122VXK4uqZzHDUjFUkuQKgt7vSTeiE9hP1CUNbPWyKrJk,iota1qq8nmp9jlqnp0a7nkke9qqcgqr3akkula88ksuh052f2nxjmqmadjhj5rut,27364438420
1FxnWUq2Aa9ZnHCMnJLbSfX57SqsGfQdXqoNbCBnNiAFM,iota1qr0yupysmu4qc4ws7zql7g5kh7v2ltlprnyexvn6p5674hket3m4c962snv,27288155168
167YxFyvXnsWK3q3tAcMNpXPPpxQTXgKyqhNneRhKzN3G,iota1qp9lsrrda6hek8w7kvaj0z0xgq4edvazus2q4kllsf70umxp6p707wlm3xh,27250390667
14hFihEDeKRjUCnyeTLjJRH3AWgg4mQ9ykkJ8LUPyR6cY,iota1qqmw9musmlgnqnf0gnp79jcn89r3x9lr29hxnru5mzztmnsftn4qztrqacn,27222756519
1EAtvMa4TxGBoomrkAzMtbuqy8mZsNQ3suQcE4LoTWjmp,iota1qrpmphgyjhtznjsh42gf6jxds92agq7u797v5zefhl689f29lhkrwtxeu8k,27181155748
1C3DnTUzQeRPmzrTKZTrCevdrYLgTf8m2XfAJUXSXzQnx,iota1qzjqytprudeahx7jdxxm2jnw0hyw79uktzelq349grnjyq2mv5aq6578xsk,27180713601
1DRWUJ8PYWCetyr5hGU49o6XSke6WSu3WVpJZCtQXYBdr,iota1qzuf8q2twx8sh7tjqam9ydrw70mq5j4k0yn0eygnm9x70k74rc5pj8w23py,27000460933
1FNyCozHn66xF9TZVPh9SkCw63KkiUAs4cDDHzFziUWFP,iota1qr26ghg5ejh6agqeuzkut5v82gcyfjj0uvtn720tu8lm7r57j7utu3kqxsf,26929262364
13z5KGcwJ763PL7hNxQ2D1nSgBraDrBcK2qJSJPo45NHh,iota1qqk9vklr5ufgf2sasqm84f4lnsm474z3nd4km4ketrc5qy530qq5c6xpad4,26836203559
1AC4PKLAPvjRA794pZrA1Q55tGmYEfkwci3xYmrevZsCs,iota1qzygue0a2984akjtzz4yuk4yud4selnehr6f24anv6w5y722jy3xsw5kfwc,26812990875
16BBP7whjp4tL78PKz92FQtR3XHjTxqcvxVL1MAP3iNMu,iota1qpxwt7ep0mkya5qelylgapfcynw0atluqepl2u6d5uggmftyuv8nsau76ec,26751532530
145vm24ppLq9ESqLYximzAJGBx35j9n9AqomVrB68PRxZ,iota1qqkav2mqdrrvnmglhgfgvkx47gc7c7pxzu9hm2gl9mhygegupv9lvqrr9hp,26723066107
149tCu9ShEb3E4yMjKLs9DQ9jewrzoP4nM1cEQiRrCxwX,iota1qqhdnxhggz3etkdj57axamx50nn807wm4glrhzdlaxdredsuj93fu44y0r7,26648161311
1HYZycgRrpNPzJGpeY5i74N2QTvhHzwY45XpLQbjZi21f,iota1qr6azjpe2jvl7hexs7k9exafgdf63pfemfhw8fs5afrg69y4mje0yflpl4d,26428310534
17GXzpUNdad4sVFA9iQQmVbPbrqy98hNaR5bYwTcaxBfz,iota1qpwjpcwgnsf0vvz6jnz25lej0xq9fgc4awea466tfm7es92x74a52ttrtpq,26401183554
14MEngCRmMkcHBrf6eexQPeubTPZsN3my5Q4hWZbnYib4,iota1qqcuy3puck6w7wunlh2xkqw6lt0w7qldkd94d8t80s8cndh3hvpwxyeltv2,26186235400
1EGDCDfPb2soDxhTLAWqcznDNZN8fjzRntcvyLzHJdRf7,iota1qrzs6m0gqcraml6e6epsfxa2cmleymlse6xgzc0neg9v7lynv93hymmjqj7,26133880069
1GtD2hQYQrwGzBBYqpxt29FqPHExHt8Lpx6YAGpaQi1qS,iota1qr4lmpk525347jcuhj6phwac8srgngrs7m7tpdwykc69c0rvmr0mzuwk4tx,26052616169
14o4Wutc6h4eoYCqWPR178FNYwRDDY1m3YFCYVuvHy1Az,iota1qqu9lsx5ryj72gylj7mg4dgc4y36m2zlyxrv4cc5fjjx5mazmzlzxwy38fl,25959973501
16KLGQEXaF1vFLdrcAZ8pZfn3xsFw6PRpPkCmjVhBUZ64,iota1qp80etput5ydswnaevsmc5khme453xhshevxkvsrca2un779yu5h6yzns7g,25901311082
1EriHHmURg9EJb4ZNWvPZbtSYaq9pWANxtFktaigH3uCJ,iota1qrx7gy8txsp4xdxfpeltjk7emt3v2u2wx7hgf68sljc70ps4279y7pys2qj,25891180729
12fDFyKyQWZSWeb5MQ4MWskziG3i6bbJ7HEQMYx6tV6sb,iota1qqv2t83n5jl0ptwm96mqq85y29c0p6jqr9ydfqyce3ecaz9gzn435axfqqe,25650809159
1DmS4U9ok9s7EP1LHkWfmFAaZA9wTtsMjVJjm9T5Uh3aM,iota1qz76ugjgtvqsdgm6m8xckddsupv2ru8yyudt9thl8hkz0dwjujvuvj6f59d,25650809159
1F54G8p1FwSJwpfKY2Y1Hb3KvfRYSro9HS3FGikZtTfrD,iota1qrgsmgy67l9vltn92dcm00mvtzxr3w2znmf8m0zh98e7lqdl67d0uyer0mg,25627921582
1EKDsjyEE11p134nJ622X3tJjr5KH4NfRAcAXAmzzH86N,iota1qrza9ufkdxzljnfvau9mpy7xr4zw7wmw2tccpzel5w27ngdqxvrxxz3tff5,25555084471
13bVSX3xe8fsXL9Yc1izNsyW2ZCeAetwivBkVBiDJqFDP,iota1qqng636wz3xhwudctde70savpaxrcn7rxywm9wcydp5cf6vn98r3v6qac4h,25466798246
139be1C6NUvzmpqVNEdauCu7j2EophBFXr4vYy5gUK5AE,iota1qq07ktuyletyl5tsyul07anelskees6sse4clgjkenu4gvqu9wfcwza2c0s,25394663367
17PihirauWazeajfKRFXne9sChdoRbtT7DsDGBqXvt4UF,iota1qp00sr25dv8nrmaakyw7wp3ffedg8gqffegn5zkr2f34z8rqsaj2qeutcxw,25375560043
1BWaWz8pTSqq6Cip86hFKDwLeFRewJUc5G3vKLzpJzNFR,iota1qzwz38zf6s5hhc9nd4rl9grzm4mlcnkrp257qts3yymsszku6ls9qez693n,25374246609
1CbcgXZjWXh5xMYsCMEEMMeNYLFEbmRNurPwqcEyyapkE,iota1qzkyafs7xu0d2dv42c34d9cyes7wjsxr6u0tkk7mh8qz82ctax2u79m5vee,25347366711
1HGZFYawMsxDVhdPrqgQZoGMs7Hth6MiUPvTe8YzY4jdR,iota1qrcmw26ycgldkagluf08gjrf4vt8apx86sm06nplkyvqa79afvk8qfyxuvc,25271512601
1B3x8HvWCrA8boaBmjZqeCAHeKpgbj37PwRXH7JsHAHV,iota1qqpfxf8g9c7mkwpgqtfylxhqnq4unh5ay8sw64umm6czkr7gse7vqjd4krv,25257610999
13vND94iFRdZH93zFZ6kyxMNhX2zhtRi5se9zhxVeTWbk,iota1qq4kxg67tdq7xr8nyxg5f8fuefzucptxnuznwxhqpk4zr2etnvmfxmdd0mk,25257610999
1BXYkj4oP6F3Evim8TDijc5pA2LfqwfWRPMJLWvqPzFak,iota1qzwxsv4qmqj0ehkjxprn20t3s8frhv4etd5v2ds4zxpnhwaxmcy2200qayc,25141664617
1Comcmy1PtAXN7UnAUhmg2foYZzSgv2y4eEZxMfiRDYrv,iota1qzhkhwx87y3mamndxpn5592aauz0xyqlvw6euzggwc62yu6s7s8jk87smtg,24924908865
1HbWUjyQ5PQt13ndSNRK7a8pwB3rq8BAwo3fEZgZMNHPP,iota1qrmfyywddymsad9w59rfe7hfxanwvg76jj9gnndh2v55ax426daf5kq6a6h,24836596631
1Auq4uwF7gdwk3qEauevRcyqSGYBTir8mDnLxPavKktqX,iota1qzf5r0q9seqqw6z37u59utm3d4vfh5n8lkhz3an7p2fmhu0mnmqkyy8dkdd,24678126173
1H1gZ5V7785fX2GdqNfyXSGFAUe8qCqJr7U6PtxiQ9K1x,iota1qrk70d4wu2737kngjmjxjyjelqktf35v7c8y9wjvd7rx0ykzhz6y7updvak,24613806881
1Et1PLEeDfkcAyRcQiedPQ6sVNCXWSSkEqWEeTfEXVDk4,iota1qr8r3ly45d2v63yyghdxpppwcfs54pyu3ae94d25km8gejzk9ml9zlhzhru,24350677778
1HBr1EX7gHGqNTAsSqRiLdp7RC65muUqjMUboAHyySNKs,iota1qrcgydfmrf845pn4rzmhg0rku3zx384tpahdgsy2mnl3ptzc84kjycztmzn,24326736853
14BRGWjC7MR6u8gT1yojMhHCaVxybS2u69n7y9b3bJeP9,iota1qqhnunhy2h8mqrr9mxtf25hh424r78ypugk2lk5mcc7uckutcc8uq5atv42,24239009812
1BHkDPAd2d7g2nGySrqZUmVjMzLDVDq2dnR48hGEPnXt5,iota1qzvd7psmxun3hksgaf2n0gtdhe62zl3t45ps2t4hx7wz6nv2kcnpy77yq87,24213092233
12WtguWUUQ9feegBaXPaY1Z6AAnyW6BXcuQr7NLGqoS4G,iota1qqtg87tx46gje4tnwe7kly42l69wf52tpvktpv5fs77zltyyujf3zhceuer,24212481031
1DemxEpypfA4rRXuKJL4H2fDt2fAHxjVUD6Dao57xyZpN,iota1qzalnru45nayghp5gmfem9w6affgqdyve55pesj05xjcedx6utgjkrf996x,24201037242
175gc1H1pHwFgBfEZ8GhNMfv2SFx7MDU8pGW9ApShtB1m,iota1qpd9jwvzjldu87wnr4fv3qhlpug8rkp2jhhllflkm4gfvrg0ttpwchvqr0f,24086196227
18VP1hy8yizqtonZKESsPrNNogcj7vBivFGb5NyX4gmkr,iota1qph5dawmlsger5p0ynlve33xwscerqjrvx83zns3ye0ma5m056r2wr52dtv,23932537361
175GtcVUMAhGbUJmmp3wkzH21QQsGhbnK2c6fo24qHp8i,iota1qpdru62e9h0hxeez2tvtwnlqc2kjvzhkq5fgx0yl8squ6tt3xxr0ktxxlpf,23840167784
1EfkZw1HmzfQkKtCvLpPMmCyJAXEQKMoHVkjTzunR4C5e,iota1qr932s64llsnwtvmzysmry3yennsmcw08uhcuxceavv6ju7vw0krzvl64tv,23719617879
1CmszYsZs1aCqdQpDJyQqz5N4717wcjETdmjJ7AuEzQ8T,iota1qzhwl3xkqlhzchhsm2hweqsspayar9pa4962zmrw7608739xzykkg8r80vm,23534475591
14Fkj7Jy6y1UyAdN9ZfHfYgpP4MxxzE6dFrCesvDTrvd2,iota1qqc94gsae6xasr6hefcq0ldrvvwhqdsjfhwul5c7cn2ckc22hs522u0d6ld,23526933094
146QUm41BuPsDwMHGNwjRdXeRdV9dxvjtyrh74NiPecBG,iota1qqkltqca7ax4rcj8slnure4vewcyp8kg2rskp9y2efgajsjljjuvw7zn5ry,23445253056
1738PjMiHAn9KDpwUdtiSt6F66TtW1kTwAU4poTLbivTz,iota1qpvmrfp8vjt2azarfaqa737ve06p75c73nnam759t6xq43s38fw8j5pvhq7,23355458331
1G74fMmJsANz7tBPUocS6wXAMtx1cAFWWQauxxDUCkTLF,iota1qrsxemdmkez8c9rhau694kzd6j7tksvgcu3musfhht6jtdte2rkucxu9jd6,23038985570
182U27TzxXZTrVperQHUAVnasD5Xgjq99s5yu3jt8yV2Z,iota1qp5xru9pyc0qs0cqsgexpp3jvrzn2k76xwdg7dkkter74xycn9ed5zdk40h,22987397493
14h4P4j9xKnGLMyfePhdFVZkYkKyXc9ui9gcWxvy9hWPb,iota1qqmdv8v2vm047huxckdjk6pa30dtj4eyfq62v7xeqsdmt0qzt8lmyddxpdy,22771838136
1FLDtw1gftXU47nt8QWUHSoS2uGouNkLh2bK6bB5o7pGB,iota1qr20qwa3j0jw540r0slrgcdahq7jqp3qjle07r6xzz4dj9rcfwjacs2jns0,22715620527
1DzvQKP3A9BXd4CB41wkUKA4Eme3MuT4KZNcwi9B9u63r,iota1qrqj9wegvzl657zygefjjqgydwpt3l58ws4v40895uqsfse2dk4mjpup2gr,22689898012
1AKUEvqGC8aVsjok8YyctyEJUSQ5DZmPXY4H8jUFtMhth,iota1qz98gmlmr3s6hf2sc5g3gjas2halwazrq2z0ncxm7vd3shdpr3azvtc2n0u,22470814489
181MaptpvQdryb1B44GaaGFRHF92htsjC7Vx6NjhoxbTY,iota1qp5pj98aqepzyv4eneyt3dahhl3cwkcllss7frs2kts8y3f82945x03qpg0,22390200803
1DEZULZcXyXNJEyVLFzCqQTG2M2HkaN9QNSGuoXJpQhMB,iota1qz6utqjnswuuf327zz8jdxfgrxmgd97acmsd8nyt2dhzdpdha42a5e09z8y,22215683033
12xZ3ogC9z3HB6onQ1LtM73oD7rY6uXc1Rusc4o5FxFd6,iota1qqw3dhja60entxgmyc5y5drvrvlerjrla23xa0p55hv7dzt498ep66eu5kv,22160622806
1DtAZZvdZPqei6RM9oYznKFNeh8B9gMpgk7Mf1AkSekzR,iota1qzlk0t84zwz6pem26em5xqqsj22zrf6uet2ys8gne6a7g6mnulugveu2ft6,22113235120
1HkJP4R2M1eV4oxZEU2oCbz5i96tDemqhv34n1Woj4JLs,iota1qrud98smj0q88449vcaquacjjmprwry9x7krmzavthg8vm244pulc57acdj,22064078847
13N1EG8V5dxzaAK9fxVndtEWgo16wVCo6DdZ3EvgwzB3a,iota1qq3334z3z9k6mvpk43dnumsu92p3uvg2fycfmy6090adqxagdjuk23ce7gz,22041191271
1GUGNQRbz1hWJrZVigYvShTcHsRFJWyXsKgKEiTHxd2LS,iota1qrjakhgjftlu29jvcm3sckgnkatx28my2rtnpx0jmglrmhl2r8jekfn8fjd,21886010902
18kWkutYXT9DWFEMnehV8HHCDXb8teriEPDtVBQzWsrYx,iota1qpejwmsrx03ea2562ct65hfz7s22gt0ealjrjhtqpftd2wapsdzjzhaqd7y,21811886364
13MZV9NT7D84N1XZcAbXcwRhaMgegfWzstrgC7xNJWnvL,iota1qq30hw9pmvjghhjmxaw04h4uj5868sz2qzszes9c3rruwnggy757zggt778,21780598007
19N4hcXL8xyDMruKq9saHX6Kn5caCU4bPZrq3Wf9DCBv4,iota1qp7y9cz3c4gdtss9vpj769ppzhu5nq9ulyc3wraxaj4hx47xy97w26hpadw,21731324696
1GAbvBdsoVqtHhjjjKpDRfFaNdk289KgK5SqL2DtEKj8e,iota1qrs42qcvrju4mwsd8lukeyddhjk7rpa9afwwat6d0srl0ff9ruj6xfhz7x7,21597250314
1D2au9EsofiE57eDo2C1gTJTzHtwcJkYWeNevh92qiZrQ,iota1qzetgf64wltqtw6mmnufxu7fahjnvdf5k0sygh046xeglnq77tsmjzth7n0,21487793080
13PxXupg5nD4ViHxVWDqxiH3cUuurtVaY8wZWJzBskMzd,iota1qq3e3ut9f9nxdxefexcqweav62jazsaezdlexhke3v99yw60kugmv6fvyk5,21478664058
1CeKbUEhmCm96m3Ej2xChJUmxW67a14kHqCzhFwiNQffL,iota1qzksqys7zv4dry9457qs7n8a7wakqnl4ms5ft2896gp6hu89qsss7zt0n4j,21395085391
1ByqmnojwjH7U3yN7hmJQtbn4pbSsz62cHVBGpuLxSvq7,iota1qz3jfz4qen2e8y67tzw9gpgamds9ff0trj5cwr9hw22prwr9fkspy28v2lj,21207758381
1xef2vUT1jSDppDmPX3qzVNN76pVaeaH11bk9MbJGMVK,iota1qq8yrpdqcw3w46q535tja6e69wu74vrkfaukrwzdpugqa6m5mepwyzdhnef,21149265018
1Cz8sB9PzUmhzC7TUww7MFaspZsLTm3QzEdCKx3UcymWA,iota1qzep8r3d6tmzqwd3mqh7n8y45wwg5a6dkmz6ahtmvsj4266wnavfklctgun,20929440249
12JpEhEhMBnVTVVNJ6sp5XRgGWGQJeuGQN41ZaaVt6AC3,iota1qqfkh7yqf43xcs32qaj2ct6l7q8dlz0nymzt9th9f0n47zk2myllcz2xzv8,20741632079
16zTuP637Km6F63uAiQd4PJypXSeFdZvTXHtnsBi2PKLe,iota1qpvs9aw0hz6trtmhfsd2qedyr40fcjdls6ed70nhecsj8grdtn9fk5lwwlm,20616504659
1AkpwdeKbyoGMg8LugGTocjpSkj7Zw1NU42x6YHKwYKuV,iota1qzg0xhvqxvsnya398hsp3vqev0k3rayqyfrgmal7d8h574sn4tdxgrn70xv,20611393967
1CVfAp7vGpTvVdFBFkqbbeZnLZ2EPTk9ycnQkzs8Yo7KZ,iota1qz4v07s52dg4wh4shkpnjv9tgu9h924t4ru6n5q4rxsp97p946hgcu3e7mh,20608897140
1CTJfht5c1ukBhPtZqS47r2WLH3mdYQdUYj8WfEL7JFPb,iota1qz4zmg3utm0wf5vjzn6zj3ggkt3pql4vudgsym4qgp5v7hzxeenrud73v22,20523328815
1UE9cHyd7dpxSzb2wr5YfmymJnHnmJ4n6WW2N9KPF2yL,iota1qqr0nrrlpdd6hdqrqzchr6g2w675lhuj7ez0jzqgudvynyz6padrwzusuej,20456200593
1AjLGEyzm4AWDgfRmDPrgAVXU9z5s419Q9fHJyr7FXeSa,iota1qzgfzk6huelyhgk922u0839d9zm5x289vceqr6fdxztgjx49uakg7wqz0hz,20360267837
12qN9BJ2aksAu29gvhcBC8ttjqYiViUHvvxfyMmy4kRd9,iota1qqdn77z0z0a4749y4na8hrvuqh69n0qjzc77mpzsn9ef57rek4ths44mt04,20229080410
1BHLfyQZq4uuk7gYF6YGia7ZurtrAEXyAWHEXRCdKmYEj,iota1qzvvge7ysfnn36hsrwkuu2mzdk8m6kalwh0huym4umhf4mu8p3tmsu2qu93,20142146632
12fQcSB5D96DnDKZDtZHo762fereALQ1kAK3QHzo2y6XU,iota1qqvtyarrzpw6hdjjh8zfcjt4xarrdqzen5x4wpresrp32fjrf8yxk2nts2n,20042468636
1Bz9AWdyNihPfAXGNYj3ZxhzoUphzaws9Den8u3zajYrv,iota1qz3nsdxcf2hpm9x00zet9csxjjertnzvczh7cxw2edz33hfqpcyxk2ag4h3,19931906037
13AbPZC1A9suYfqsK1N8ec4LXFmyLjr8BWUb6M7sf8bne,iota1qqszclqe074ffv36x6uanjaxv5vel3saprq9hvstg0zgpdrp0fh9ww86dz2,19920800360
12G1qaX31uL2JkiVmeHFVLMqhpUoUKVL12YqxYz5VG21M,iota1qqftgkyculec7uv4afkud3w3tnyylme46lca0naunkdldq207nlfqd5kmat,19831161687
12etcV3SRnPspKDPHnF3qWXdckhxyHQGq7a7nsBmp265t,iota1qqvfpzx5s9zmcqqeemn6gn9jvdnrteu48vr8558z2xf3udrfv33ww6chkc0,19763201191
14DighNCGaD5dwVHAry3J63UbrJAACyNZVqQFeZf8Cdry,iota1qqha22w8h5u92tmcre8jrk8r2lluuwm0yf6xpyst3d3j5jdrjfzu5nqfknn,19703511431
138ku4J2dp1baGdmBtKtWuVX4m2kmV7auSfSjVJDfXS9d,iota1qq0mgycee65fkkscxxe5vyqg443nrkewul8frcjf0t9479pjd0e5sn2t9xz,19601076523
1CHyepFPKKw4HqpxAW3X2HzqJJc3yaH2eb1hX328K6Nq7,iota1qznune7a6ltk93a2hu66h9pdu9jgxvl6jzzdz0gs24hk2f8lrnxkye4wfks,19548214024
1FAf4dMFngLm4woCZ5VgHxWG4NkhxHtfYL39WWp4pZ7kg,iota1qrf8ecdkdcnqmdffsj2ea0cnr8s3za0f7f4raas2ltgxjqqs7utu68579r0,19540671527
16EXJCbFkPfneTBUXbAdkQXqg8Vemk89oYk5isezC2HCr,iota1qpxuz0wh22ay79nsvuwt3zzc9q5lsevee8ex3nath3803dn28gu2wmhh3wk,19537745558
1Fd4ZUtQn4QBPehteMu8nzvwzddvXYzNTHu8mQXZpaSMu,iota1qrv5prffnfyztp8y6ajum6h7yaa6wzw8kwtpe9warmx0xy0desj4sf7vhrk,19434920520
152q8dR2S8trHJy1W2uckSE426rHbAnweM9teD22WkY5r,iota1qqa7dszq7e8t8y2l8lzm59szlgxfk0glcmla4gt2z4mme7qf7u6d6gldhrd,19279454056
1D3o2SQTykJj4tPXdemJdVx7VU2K5RtkUdgtQN57oJKHQ,iota1qzesxu05fhcnfhpjpg03zpqqk5mg8p55yhfag8xy35ku0fyq9shqw7l8umk,19279415043
1ADJ6cW7XDYNkr5GxecLqRoqtY61C2Dujy7Nc98oKVBx7,iota1qzyd777pzp2dh44ruagf8wvssy3d9nyd3ah42fkcpsqjmwr4sftwgn07a4f,19095794260
19kDER9zYu2Zr2UYhbXkkg6esCbw48uDRyuafwQYgcdPt,iota1qzq77nxekv2lkjqj4r5q3p5jt40hy8d9mnxzuvhe5nc7xc5lvxzywva7409,19095794260
13ibWeFxzK3FekveqAtAEegTgFewaAUcUjABbBofmx2K9,iota1qq597dt4vpzjxdl660gmtff9ldeqj5fhzk9jj08dsn5fs3d9tptdspn7vw8,18964606833
1Gh8i5UxaB42zsi4dcbPLCGMAG3XYXHETMD1aEZV2Y4ag,iota1qr5jwsypevmeazf9swe9a24k2s3c8ndaulr4ngs0eps6fefm4rzl2c02q33,18964606833
1B6zwp4BP9dTpaQCy6L2aLt5SxV8KUcbdvCm5vLyPrGHS,iota1qztpuj4ases6nu75slkfn8gewkz3r2ajyj62wdfp2wz3lkamflup66sl8st,18860520377
1FsKmgNbQg2xTLRRDfPH6nvVBcZRzNh1UMXQprv2MCvqG,iota1qrww0cv03gv894dlaua7kse8wknzzqwe4fksz6efryrkg7y8a0vtkvgp972,18735041840
16z1BjxfBC4UfWiXmY8oC3j9zL4GG7sXoxe22A6QMQsdK,iota1qpvwfsqfqf4ag20q50lur9x2l7hj4v3750jalckcywhyu9395zhr5tp0ssm,18706497391
1Cy9xMpiVeq7kNfY3jc2vxFoAvptZjsmHQbXt6EcHAfn3,iota1qzcaxdxnqf0f87ertlwyet5l0sn9n9u6dky0p9xd6u5zq57ltleeg5rd5kp,18631670621
1Er3kz5H1gCeTXP7YVvdCXS4SBMukYq7uhP167Cm7qyxG,iota1qrxm3q3suqgmlnpjggpprvwfq389tshu8n4yqnace33fl95xjwag2e6h907,18631631608
17962HByqJRo2WmcZvjjBqRXxkBxtQGxqJs2GugzPMYLK,iota1qpdnsujvm8et03azc5l8ggdu8ka4jalxxqedpr66huzyl42jtxjeccj7aac,18531602496
1Aj8mSEbCMTs8ekTGX4iV8aqtma2z4acXP64NTgxP4arP,iota1qzgggku9yhn307w5rc4qtq32v7a4zfs5eden8cr9zc7g92yw4rauc84pljq,18437542359
1EVAgfE5Y1nYYd18gpL7KgkdJANda14fkpQpcv4cRo3gu,iota1qry97fr9eykq3x0w6ulec466q5xjcft5kv9tfxc3dgup6ag2xugjy6xs4d8,18368619544
18WghUns4RztshTVXmscztnQB4S4paczSN1qBNMXdqcR8,iota1qpheezwucvrv330us6xv89fwg6tjcg2d2v7dlk3yu4wx02kgt5ekxgywpmh,18120744490
1GheuZsqhjypjoTQKR7dngBHAeCnhp4zNgp6He9oGrX2Y,iota1qr55jedxe0pfkkm2pgmhqfszj5f0far2p6wcu9f85yaj0qgyfn0kjpdes2g,17945199379
17msbfnNjqPH7nLwEs8UGt2BnFJUvMzhNPkuukjpKSRrr,iota1qpj2fcmppzmn50ga5t4gt6hmas3s0mpkn9v3sw4p4ndaa0y2ew4px2dmclx,17902038092
12zWfv3bMsLwAc4cfWfumQ37hjTprfd8Gauf62Y9sNgqe,iota1qqwew4ujc4dtd887sxc27larvx76dspwgsdvctqpd6yhv7mlgpszjdtut4f,17792229742
14fQjmH5HwQHFqECZFjXtnHm5f8e1YjF1kp3GW3aQqQvo,iota1qqmxn79vqr3kcra6u97plmyfr4unzgt00gmr6q6jfa2xn7rvy54lcqkux5k,17618531243
1A7C4keiuUcjWj6QhKG4n5L72qmdkMyrbCbSYGs9wNquq,iota1qzr57tvhyuws5w9df2633tagl76k33sjrdgx04hlcmjlhckwnd2kqwzl4md,17600793371
1AWwVh9kdBNudQo38dVebTk9fwoX9jac7obv89sgQPbF4,iota1qzxkff99f6j0gyn4sdf9rpqj8t0ezxq7lt2kyr8vddg66e6640ntw4fvlz7,17491427168
1HRxgd7yhKn2yGuBNV5Uo7ahg8y3LiRL7Qwfn3FZ9CxhK,iota1qr6plep3d0jv76fy8w9h4e5td2c8z3mdntf6jze60hrea8x2d47evfttg88,17022791036
1HypwcYDrPmhbUPb57fktFR6JorkWSAWoKTJjU3Pka5UV,iota1qr7ynw20wzpzhwc2sryhegwh5e5uunqprch8t668d3720n0ycs4kyd6t0dn,16838233942
1GL7Dvkt8QNp6WsmvPUpcov8G9VnUDNRPgtzhdAqQKxDC,iota1qr3ugcpq30rgqd5kvml6q8vnv7x6wcjxsaznfq7ca8srh7jmev807ddxzaj,16787881274
1544wogy8z9PuCN8XGDvnMwzxs9EG4bv37UURn74DAkgp,iota1qq7r0u670h0l7vav4wh2dfh9nesfc4xtftu9sv23hesf90z4zst3jc2k3ys,16643351430
168JBCsvD7PP7AvRbAD2tfPQRCXySbow4o92dLwqytuPU,iota1qpxz367nnu70lawmupvs4vwdk9397v3he84569nwuarn7kh5jurd72ssqup,16542594077
1CidM2LaQJTRCreWgPHDHJpsRKyAaYYv5gH1Q17aFHgc4,iota1qzhp5acve5s74u2gxp26phpy9stfnqe0mhhqq554dd0kpkcf5p076yyvud3,16496753902
13AVPXXjdGQBCf2kaR2knP9HevUcoFTDRwAcKnjD4FWRd,iota1qqsztvejxqa5wtdkqqwkc5f7zz6h5mth0s02cn29wyrcuwh58xhgsstudyx,16436661010
1Ft6tnwz9MS5YHkRCQy32X13r2xZd34mFHLJ45DEqBzkm,iota1qrw34eky22amz7ycvytlp53xt4v7vars9k6sq2s7qr3hh7elrynfuluwhma,16302677657
14XuGRJb9pVsyTHLGwetU1YBAtpwikGNA3zwgNjwikYgv,iota1qq68m9gdz4zy24njhlhjr3ad64k3v53z7xtsmw2mchs6jshuqrmx7f6e0zz,16134063841
1F8bQR4acH7z12L2T5YSKWcBQWcKxcUDWz3juF96zVEJG,iota1qrglt92pyx45ku0rjlusllgwqk2mc8ykrcjkw9x5sdzjm58chjwv6ynn3h2,16083060958
1Dh4EE7MVskRLaPADCmQ3FGkmxefQizEVdibeSDEEN8Sb,iota1qz7g7gqu9hz39ltg7djcj8rjx50rpynud6lqwxejvtuwltemnrvgqp6fra5,15940572790
1ExApavHwEQDPdsryxFv552ek29cGbJQNCFpbrQobM2ee,iota1qr85n75pgp4ad4kk5th76s2mdf532c202let63dy0x7e3slth7u7kda3wxh,15914512163
1EzSx5VEEctGRQhEa8McGkD8Sf5TkrtRjRyRi67oZPdUn,iota1qr8a7c9z2ja2wyuuy5rvddgp6grmk7raw67e93y9eha8h5xn2wtgkvnn8m6,15828579717
1DfFqidEGCYPB4JeDjxqYi3yJQFx9pdgwCFckQboQcLUB,iota1qz7pj9lvekrhsu2x5pahmu4ru89x5xytmqvt2f5apnkvucwu29chcuur835,15802037931
14EpTyfmcJcdcfHXTBmXcLKbWvhD1cy3p8whTcUbTMB1f,iota1qqcp637q04hyvwa5v9el8c2sjh6egalfrzs3kz6gxcgqjn2zkm3uupat3h2,15701982810
14cfe8hFLZGNdLxStPZawKVyGuXyR3b6nXPQYrPMPudoh,iota1qq6mv9rf8fnl0qqduaa3kx83cceg7axgld6z3lksekjmd57fzew2gq6q9lt,15638963949
13nCVBrmBNKNLN3L7XrkiZQ7fo8VU1MwwhbCLJr5Z6MkM,iota1qq55kl6u58cyvw2wc8360kn03pn5m6l2024sef4dg0xsuwkvp956552ljsp,15513459403
1HMihwoydkpeq7C1u3Aek23JzuGTZyxTCbapXfM2xdmoH,iota1qresnsu6pxxe4583vk3qzfxdu586jhlsp8a5x2np0p95c6mpd6f9cpq77k3,15497347070
18qUwZ5vhZ2gHnDmZGVtzx1u5QfibuvpmA2jJMhtnbFSi,iota1qp6x63az4xm48aat8tp8xct2wg5fyx4tptuc2z5em4fhey4r83lvkjd2x8v,15495539471
1BtipukpdFP2beQ6DA6qVWFNRdaMTECRWsKAdYNw8Bcy3,iota1qzsafjy24cv36e54sy0xa9myq5ynu4y8jf2hdrr2hn5wdfhx7nypuh7da5e,15442312852
1DEDubFbQFRXzExS39u8FYZqkEUyqRhpojPveEXSjnfXw,iota1qz667ce8kqycsxdmf4znzpc9zhl6udjmymz2x0rzrhu4qw0efsn6y23am00,15376732143
14izU6yQttNPWwM2VynydKGn1CaA1eqEqdAKgPnXdyMTA,iota1qqm4fk3cn9kr25n99kyylcxpwcxtvez8red267yspkyhvte5503m6em4rz4,15348993960
195xMyf2xTK8Y6hYnb6rq9uyuNyptaYkMP2f9JHFJKpWh,iota1qpuzy653hs39m0d0nw662lh2k5hjh3p6cx5r3wgaa00ddyqj6mp8vgavn45,15348421771
18GK6qHZMLSdM5D5Zd7tohDc8thSHusVfnWPdtqunA6r1,iota1qp47ml9tt9kz9gd9yhzsuhmqgyv9mxeapur6wz43383f0yte8z5qvxk42d9,15268354266
1DRbYu2fCPDA3EW3WPGm7hnxBpy62NWbxGH71w2CLiJtS,iota1qzufj0u04veneumcyk7gnk5jmc6a00fw5ss9894m9tasfmv63c3vx2nqvvc,15249888154
1576bP3KjbXsGLr4GGTFMsR6JEFj2qj6j7AoLCPnDy7Jk,iota1qq70arn20gw8u5nkjw78whmxvt8yxuev4l2v4lp3h4s0v9cmhgzh640l5j0,15074850211
1DDanf3FeGP6WmT8QDS72sV4216JmkZeZCGwn3kwUiFQU,iota1qz6c2659sfj8lejfw74wvs7hlsvuc0t34dd0un4u6runh9jvy5wwzdvkuwm,14849199514
1BSTSXHuDx3oDdvkPPnfXLe6ogBhkS1T7hso7b13XsmQY,iota1qzd35jgtuuty455p5kfu3evqmg0qd6p78yt3z4f6k2k855zmez2h2e9cecr,14648335022
18umN9PaDLqcDvW6f6Ti3R5NndmshqhXKWhJEu5aJ3cFp,iota1qp6cvtrev6z22gfjrp4h4px3jz08dkh64z5ahzfjgx0fg0s8qx65wvd36u5,14611454814
1EmjpPeEGnTBL4SnUSdAjed5FofCinMMx742syCKP8UQK,iota1qrxfme3fqhdumguca8rwc0eumqfjmlm287v8ggt9hmgfdpt35uxgcmjwr3d,14499565775
1BuBZ8XEu19ZyDMdWjZpYGubdmPiZEQoAsjD65FmHjx86,iota1qzslxqfkvyu268vqhsfscx26k4nf5f4knejyt0m8cw7f3mu54tx7w4544jl,14315541858
1Aa9LD7Upm9XdgtkmcgcHonpjxmFQsgyQYH4YLnFGxWhd,iota1qz8rd38x299emantfxmy4ud9hw7pysv7cqm4zn6jw476xkjf0hk4q3rdlg2,14253264242
15DRSFMv1QWkQmS8sap6hK9TTMU6eNvshwBPbMFTWP96E,iota1qqlf6k958q5cazz545g4espzugrmacuy6qze333zjafc37wzyxty79gy2vv,14175979659
17xZnhjBv1dTTzDSBiRkxhDcKySfMDdaAkQ2AfjEGVT3o,iota1qpnkygact3ge23pptrlf74e2duql3tc8akde95wj5l4qkxsnt0kr5a4zfxt,14029837281
1GeTw8rJ3TgAKGtjA1Prb3HjFSSuEn62Y3FNksn22udpd,iota1qr58s06m23dlghlhj5hfcjslvlzuckhg8tscz2sryv0jp8f8zpq75k43qe8,13957312274
1GrLDxA7mYcXeLj1F947cyFdpMbZejEWd3XfsTQQtPzRG,iota1qr4cyl7hevd8a2thka9zduw686sa5gh3yhlce5zl55mugdc3fy6yxmh86f7,13956636050
1DYm3DBKC74c4wzHAb1bFsH65ZdEGM4j8v9ctRDk9PE3L,iota1qzax7zks9u3rw4ryuhc8csdrr2zncxj27xgksmnukmrwx58xx86jkk2604x,13952955831
19LEgtFKDJPLeDA5JnTN4HYJMvxqm1z46F9LaNxyNjmx2,iota1qpaukq0gnlttnvrlgprj9rm6p3l5ys6fg6hc5e3ccuzesncu3uyuwzlgf6p,13915672490
1gQDh6Lr1BVdrX2SHBnCQJpbVgsJXq4cZXzGNQA6thot,iota1qq9p0eahlkfj4qevxyt0pey39hhze7vt9yhaqq059e9ehx64vflkw3hzavh,13805291950
18rfefcegLgL8WRxigvzy78rJABD6Bq51EjJZDi6Seo7i,iota1qp6t47q6nc0pze8a5r5qkmnvxvx2up05d3ea8n6u4q4d5hmngpqt2actw4c,13803445339
15hJYCeC6YgLft9y5Em7ZjP8YG1YRo2pNE3F1MSrtxP89,iota1qpzurnmwc7rdja5a2v3tza00m6npcq352lc3r7fx6vqyluwfl6v4utm5m7y,13775746170
156VuwgQssK2ovpJYY8PctAyCtvrsaNWA1kWH3PD8EsqV,iota1qq7dw4lnmnrfh0f93geqkl3elnecxdhz6yfkqgs6mpyhw4vnug9hchug2ug,13620617818
1G4uPA3Zky8J81XeSEnFazfCdyXjSHjjrHuLtp2eXVVyU,iota1qr0a73jmhalm49hlapt2epjdmq48u6vryej5xd53rhptpuw0lc2akgw20gz,13244689375
18strzjf5pE84XQfe3VtJmYjVScv4FFWtGixzZCJczU27,iota1qp6skl2wvlk5paj57scsjpcslcuzusmxlv2jq5ccqqh7jx73vxlggy4mxr8,12983133792
1C3zBB9uWd7p4pPjFeTmZFRnmKe2VGSpJrRfdMraGrJiJ,iota1qzjrghwyxhu02gjpemzqag7w3faq6zplcu9mf7uf97ghhkz79p6rw2ux3wx,12957996471
18sqRH1RpsLSnZWgpdVS134vaYGcsF81ozPHmnFB13iMy,iota1qp6s0xy3d3f3gzs5at0kz2cr7tgz4y6zf75gkswwxh0rtueuvu5pgmtanyd,12600013969
1FLdGLxdHXCGXHm22Nm2ko7Cq1uJ3gWH3AakeRSrAqwG4,iota1qr2s42py8atr6ygp9z7h6vnhm9w6sj2dvsvzsm6d2tpmcs8l90c0z3m3pq7,12557801995
17keRtqRL6aCwamEuQ8myPbT2MRkcEjRSgpERmHjP19g2,iota1qpj9g6hdxz96rnp8d2nrc2t3ac3nwzzf39kvlau6yynxghutjrwewrep9xh,12532079480
13RfwWW2KAcy75Bv7R5MypxFJGeR8XKoBeM1rXP99AzQu,iota1qqjqj4ahhxynx2h6f6yq3u060qfx3fv0wun9e3633fkj54z7wfsdvnw89k9,12438994667
16PL3StyuZu1SCMvdXPWYFVpXDgBztNRMMhtfapgw5fKF,iota1qpgq90j4nkvnd55v6w9vjzlnu9kly5m5qda9faza6xtvr0why7q35xxt0uy,12394793035
19j15TPTdgABo4MLLF4Ymr5NkjRhHR3bYhoQyQxZsuPXx,iota1qzqel702af806mqk7lfy43kv52p87ty4m9v0rpmzcnxfrdjggjvfkkey299,12153550176
16xiXyhB98SBY6WxsjpbpS7gCdvYLDi977HSaVkZsXLqy,iota1qpvfq4u9srgnjsstl4hh43u0ed5flc54the7wwxh0um7lrk65pj9gd3d86s,12149401803
1BRakWCnCv575cNnUB47UFVSbe1airrKwv6fSJYtiRrQt,iota1qzdwp7z34jf4036tmscgtxwdpgurxg60q4gp5t6tedv0ctf4uuyt6lercw3,12128412855
15kUbSqcgBzUYs95Qgwz9JhFFsg2bDpqXu7QEa4jhHqmi,iota1qprfrmzfls25hmqeku0ta0q3cwqlr6u6mpz72g4tsjrm8emxa53xzgsnnwl,12079633708
18GqxAybUg84bryiM9bG7yiWDpFCXmHs1hEBDGjWknE22,iota1qpkpph4kzzl5q9pvkhkmrn8le6rum6suny7e7enkz08g3qu4jgcwwaj3s99,11886363730
1r6odKfSb34YqBpoNk2sSzFVb7uXPsS9XD6p17G5HA7a,iota1qqxfgpd2k4h72l2p0kuc66hmhewzrj46pflesmmkd7w5wz4exmykzhajyhn,11728010310
1Bnz2ZoAHw13gxrd1te3cUYJUmdi2fcrEpKdYG994HuTz,iota1qzs9clramhzclsukccxm2wjcvvykkagszsf2rrqvcg2pftverhhf6v2d5wg,11703874320
19U5XqStwwziA3cMYto7befX5zPHm6Y2USy84ZdjCpHMf,iota1qp7u6ngm0k50dqfkz7zr45pv6nym68qh40rlr36cm9yn0nvd6eprve0k02s,11686487565
17zZQfBTe6a87mdH7jpjJq7fRg5yhwhdwwMNibNJ1tB9V,iota1qpn7fhc503xr8320dpwazuv85g34gh8cngymgrv26cqvahuujj0zc0t8p2n,11676396224
16en5scsJwUXJCUzK19Mh6aYJVD1x4u1wzzHW1TWQrjtt,iota1qpfl0e4k36aukqz48wpvs4c6v0tn008kla9n38d5rnfktsrylnqxzd52wgz,11401199126
1BtgA4C317jjeRVKuQgRSRuLa63qrUua5MbTGr9m5gSrq,iota1qzsarsa463f66me02glhrj78a9m5fvfveu3hndml62tcvaz4s99jvug4knf,11374618327
19MmdyEtAKtEf1aL4FjTVG8QBR8aknbbyD7VU9AepEuo1,iota1qp7zl9239lyz6t4rr3edkjknx4d2rl7k6gh56fq0u03rsq93m4n3gkuaa0z,11279907975
1A7ve49jV2fcky9tDEyEK3nuSNfwGbKyS4r2jAz9QV49g,iota1qzrh75ga8lpaesu24teapkqk2222pwz4g4dj3227lps8zu5ycsglx02azp6,11276539860
1J9sekpxsrYhgqDac3W4y53aLXoEqjzEFivYYgsAweYgn,iota1qrldexrw7z5x7s5jpzpnv9hcyhg5ssmmm66klaz5ky0yas7vh3ljwdv40fk,11210595031
1FEidHjT6yaffcMLe8roHvFRCRqYMjHXrLoNoVxyavySG,iota1qrfcww7c57wgz7qucclukvrusmacmdnkftkrzyrl8jgwa6apllrmz7k8rjv,11165340050
1AUcGAJujdF6mtjNdvLhEveHJTxamQAdDvMrvK3mSxpi,iota1qqpx6uvkp4adpk9law0ysaphntft84l9nhxmayvt0sfjqqvjzclhxt9js29,11140748910
1DtQbnVY4sdX7DyzSzQqpamwUaimdFEqE1oriLUassgew,iota1qzlh0rrk8r49jr633ule0s7np4lc0h6tndfyams5d28f94wzyhmwgclqyjc,11020589133
1D6WxcvnGy7KXXH3Nmh9acpzZ74WouBKFushgpywdDhcn,iota1qzemvpvc458hj476eaunx0syqa4nyu82l4faevku0ra02es8uwqpk0ckf7n,10916099544
1F2Prir6xjUqagwjLBcwrZTs6H48hSojeG5vWhUEAtD21,iota1qrg97zhxq48u6tq30lff6jlll4dtase7sgzjaqk94q7why0k3hn9yvgge8v,10874719846
15o2Vpjh9AfzFPkEp8sFcYMjr7PpdjELnjvyjaaYmiMhr,iota1qprnj2zncau2layyq68exze47wp8wh0n9k382rq0yphvv3lkyr29js3efx8,10745079932
16xzom4vY2RogB1kWz7A7gjzx39xvT7RJhDgbe6kJCzvS,iota1qpv290d9al3tm9xgccetshwx8nneave42dzr6e3h7l9hp9nezu2gwdzhef3,10715833250
19Uods3FU7Ybz85EazwPALMpWN8Lzf8QkyAjhyeZB35ku,iota1qp7le6yrsfg7atxgv7mw58pcfegpfaytke3zzkdrhpykl3j5287tysnd4xc,10665285518
18KhAqzr71HBmRYbN9eKYKWyaEZy8am2XW2qncsjkf1AV,iota1qpkvhthqnupyncpdvguw2rptzhxx3da362cq6f6jlmgr0wcs7g3svh0tvz7,10663738005
1E3Sz2EAUmZaSrGcX2E6iZZBhSVcx1HJi1HuPusYxEsv6,iota1qrqus7ytzz688j0d58j9a3k604h983hmzuqdwajzwduqdg09yvnxwhy5k6m,10617988861
19MCNoWDzaT7i5VzoPnkhdQFRUAwr3DVzsjgeBMwXH2Lm,iota1qp7qn7t0t3fqmts87akut0w8en6evm4wdj7pp9ca3mnzfeall22tuv24zg3,10608612757
18PuFu8MEsFKix4CdpJFbJywwr46JSnAzMhWPER5tzvJ3,iota1qpkaltz7cppxyllusnpn8l93ymcvpne95p62mjhj37phzfqljptxsdecvcd,10604360350
15a5geDRSfoeFX1A4f4S5xet54SRTurXFsy7mNLUeK69T,iota1qpp7sdwydw8cnsnk4k8gmh3stzes2q3t67p4fw5jc85p3cw3lecdud3cf0w,10575789892
12QjbUeALBhdbU2zEa9LAfRBdtHdrioetKL4tUT5hYqLJ,iota1qq20qdgtge2ta8vmc33np0ypeyksnnr9gzud3u2wcefdmg7ux9glww8fh3m,10554046694
13ewU5esetEhts9YjL8u2UeCferkxGz9bbi5RnMLWDHLC,iota1qqnk7ueqytlfy5m504r4g66rn8ztk858uudwa7dxp9jxr076aw86j586rnj,10521236833
14C18vB9P18Frt1SxJk8g1eKE7hmocwK1rpYkJDUnm4Fh,iota1qqhkfx4qeck0czxul2a3t8pjtg25saphj4z2cnh7hudwn9wtduhaq5tx54e,10486385296
1GFvF6jXAxRdik88D5QPpEJsJhBLkfkJ9mW8vaXyVLPkh,iota1qr3trge2ntvjpzp2wjecutz4dmr8rvd64endmd3m0232jlfr4tvmv8tvzaq,10454719814
1BAawrTago3gZPceWY1G1cQe187UyYpCuE35GywPktdsA,iota1qztsj748z6x8cj35xnx3xqu9avudsvalv958hqg2lqdu37ujwtx92waz0qj,10254960688
18MwtM1sMCJW6fPFQvh1PB5p4XPmykHFs3aJpmiPSiFgf,iota1qpk47770q9m9zqs9mu8lzr995209d3ssgsk93ws9l3hch48n7ylwczden0d,10178872501
1FgfrJaWZpELJTDNTMCH8Qksgm9cbWnbuLo8vEtiwpwP8,iota1qrdz6vjgd4dq00qa9s6ye636hnpacvt8rfts529vr7qku3a2sderxkh9d9u,10127960648
19yZ71ZxanmQ9LZBWYgXTKqX2Zbv1719SY87wHmpEqBED,iota1qzz455s9vdq02vt8clzuflv2dhrd0zcfvxstqyjxaz7jhua88vq3vck6j9h,10124449485
1Fs8KJteLVdevb2JQFKHPBMn9WPT3tm58pw2vSokNbn17,iota1qrwd4m0yj6ehep5tjw3dqsaq4lyx35wt93lrppyz2yu4p8p2rpca5nvpe68,10051742417
1B8s1ULd9EvUUcCJHi5cpv34tYHpyuP5B847xndVmJVHg,iota1qztfs74n9q2ulns4ym9s7a5uephqd4r8nv822ptrux54r6xu7gw37q5h6dv,10003353399
16DnxDdz8GivQTyadPgLd74V74cMCWnFX3o9w84tri5kx,iota1qpxezhx2eezdd2hfg4nfaumcm9vvcldzufp2rnm2mwg2uwxgfy5p6z4mqqd,9961908680
144nqnWuCGcShvjW6KGvWxRznerJsdpG741Wfq2JxaM9Q,iota1qqkchgktchy8pal902xtxf67n4r3wrmr2p8qlnxgutxzzyae8m2z7nnxqr4,9779523305
1hoVw67f7FTLTKWAyB5yveQuhHZd52g4t5vnUuHeDKdq,iota1qq988nctgegjyaqcj88su36d2vpjnqzk7jacnuapssrc0z8rs6eeqc78tjt,9729612783
19FkeEY2QAxzGVe62GdmBfp1Vwz1zJhTrmxz6SupxCuFJ,iota1qpa2f7gvuu8f35v8s4aacez6655pryrv85drg7ks8n8g8n69cyde2x23se8,9661821342
12AoDQNwReCmoEjre72rMQCtW3BEhMm57EipASXo3Q4fT,iota1qqg4u2c62f4duzg4msdkgjhagvncc7jvxkhfj0h5mkvy504faupe5l2q4fn,9660208808
1AM6HNGu9aRz39eZKt49obAPtAsPT3ubVVB7XKtbgh1Wh,iota1qz9da3t89jd0m0er0cygpx6dd7ee3pmdcr7lrs6x6t35xth7d7mk5qmjet0,9449487053
1HtJankLs5rFm95yFJaccyk7kBgw2C3pBvNCHHCCHDXoB,iota1qrad7l39rggxrfw5hmt3jp5tsq25nhfmq3q6u0ke6uz96a7c0rzzuycadw4,9400889966
138ApehDj2z9UhErmTGYyyfan5YAYoSWx3RTuST9A4sBW,iota1qq0cmzmkjx82kyvwd70wp0zsvk03z7p42ulpyrgfj7rrxn3m6ejhznljuzm,9322721090
1Aca9kYHSb9pG76KxN8CLTRGqyfHCgkYuTV5X8BSXCTr2,iota1qz8dtl54dq7g6r3yzrvg5p6nykc0r6kyxw82frn3cwr445f673e0kakmefy,9304879184
18RXoZ8eK5iVRhGgyZBZQPegWkkUFC9Tm3EzM1fZAmmsw,iota1qphy4yu6w220fd8uk5gvzzlkzsysd79nklvmzl0mdeysz7eq2wj65m5je0w,9274696192
13btQ1kacRiCQr3rNVE427w6PioLgdpaoF9Ew5iXVdQ13,iota1qqn2w0rz5w2682kd6lv5zqeyep33k2y6pe4hqvyy6qql30gvsu2fu5uhq35,9117747238
1HTk1bNKmEM1uvoGLEuNpzPzwa3dRpMLNYA1AKxDWJMct,iota1qr6ffw2zp6k9hd587tu4vkk0dl8ctms8p7h2y0vla848mfmtvle6jj3vfrx,8949900676
1ArkKNHVo6BpWDrsHNERjLRELaBc67wN46WEjqkc722H5,iota1qzf808ktax5asw5s88sznj8se2xujnsdreqfduxxvs3eftcq5zd0qzwtrfx,8909457288
15DFVX8WieTiHxfdytZ73fP5Y2Cd85eShHvJBsLSrWgM6,iota1qqlfyxnwsvuqexwnqucsn0yugfehkkkjkzcych4euff9v583uy2qzm0ehl0,8809428175
12k5a2Q8oiLzLpuox9os6fdXpjebDsUuvDVivNHB1kp4U,iota1qqv7f4qdngxuh8ar2gart6kckm5w2627zxh6hfxc5tlfjzn5ngnd66kj74x,8803797311
1CoHz4S8j1WWXAfprpR7GVjwbUWuTuk3GG1QamH2Bjqtr,iota1qzh5c7s705cm7mfrg5t9uv4wn4vf3pwpf8ld0ls2gql6k0hzfsmy7h2ztw3,8423837534
1FasVD24Kf1k9x7W68Jx2UVy5rC8DXPvLzHFzUtoMCgRV,iota1qrvtphnxz33lnzl7tajz4xkh4uj9qlgjmyrdfmp5jde5z7rlz5zsq5kq304,8294795817
1DMw3WwqfUsVdDYsR2Kh1JQSZeZUMxdUnJzH3ELXawmqn,iota1qzm63amz3vakshmqeze4f4v3fm73w5svcmuaz2gel24fy62rpdnt6ladt0l,8209786677
1BhoWmom7eYU95qo4GRUon5mBqSXWV1woL7xQFuNUJ52t,iota1qz0s3vwy00j07myj94lct05a00nptp0c9wjfchgnfyhsd09rvkkh2z0jqns,8207250837
1CZ1axz2qdYBPwRLZazCePPggs7Ypk1GPVBFJkz7Qr2d7,iota1qz468n0paezvm6r6af4we3v8qfzqvnyjlw344fjd2xn7ypxmq3g758gzrth,8180539995
1H7tubee56gnUq9nCKQm7Aci2uuHbKmdgxb3vByGW8z28,iota1qrhh724unfuudp8cse5q7v7hwj96kmetykwgddgmvqacyf7wws3c6yu78pz,8180292913
15SrW4XnKxgvY56ceeFZnGEUsaUHrbSabtA1S2XRN45Fy,iota1qppqu0ft4yn85j8322aj8qrlxnwn8yv2rrg3c2w3h28g77j05ratcatuksz,8167743759
161QzyknU44txd9kidVCReUpasZgYxtGC3yGV8juSGQz1,iota1qp9xty3nnq7cxaswy5qurqrt0zylh620c7fvpjyv6tt4u77sstsguhnldn3,8156885165
1DXFgfjGAiidoyotsNCnqW36tGB8JVCi2AnDPKkWMvmkv,iota1qzaqc32r8fhf4avals0quzkgu3cfcgul2vux4fslgjzc6ngsvffgkrl77lh,8027336280
1AKK74QUCkWyKuz4iFKU98yx1fjmRaZZNGho2BXAKLgGV,iota1qz9x5xusmw48h29j9303dh94lj2qqyt9rcvrpva83zw9sdzyhuwrvme8zyg,7987803194
1i87QZfoxVD92JhKSK3rbo19rQbqmBFAExBrjV8gFeyP,iota1qq9g3kja2c55hvpgy7dwvu3st2jmuytv6uywtgzaypyfh8jumfr05zrue8r,7910362559
1Bf7fFWUYokacBLEyZpQzXn49favhtk3BMjcusLcYhBhx,iota1qz09s7zv90uzrmjcst8v9ct4heetavlsmvcna59f8wedm8dj0jd87mm6p0a,7885576354
1AgvsCoWqL14E4KmNiwntfdshNjqrEySCqSBTCAthuqpN,iota1qz8l80tf4yfm6rf52an54kk28pd67pxe7uu2mq9vcdv5ycdckq5tkefslu9,7815080017
1145ZuQUcpgUoHm5Eo3JRPUX8bdUiP6iawumCm9dR8tp9,iota1qqqvn6qul5l8cxah8v9fvsqq9t7kt4cqkz5hq9yp0v7h4ag07pt0ymlag52,7756768715
1AAR8zje7YQ5RKPHCb4ehXsuLSQ44DsR42Yue6wSn3dwV,iota1qzyz9v7wursy5nfmd5rxfsgdd994082x7zl9rzfl5nmg60sgew5jsvgww9x,7610249212
1EJA8TEtUC9zbST4kVza7QZm8LSvoBxK5EPEUTVkTCNRL,iota1qrzc6gqmz2tc6hlrjwauh56gsjut3rcsawlafz5qevl2czykgaa67pw38fu,7601224225
1BdKatpP3bEYFmX5WF7HYYYVtaMitj9NUugzDDwnDnoi7,iota1qzw79j4nnwuyc2rvr5y6l5ez78zs8c6ypyuxq37gaczyv63rw6drqt4dpuk,7519934315
1Ee2yMVe6PJQLTAaXLDJrBfgmReEFLhMuJr8GxK2CPMca,iota1qr92ff3h0sn64jvtxyclahkra2y3sy3qhyuxrmhtjdk80we8kztf7wxhck4,7483912391
18VfUNS54c1sbBN56GamEqmmV9xv5BgtUBZyjgcdpsKw,iota1qqq7k7d360r88kj8r336n8z4lm4n2wwz0qcf8e33ug8dj0ws5g3g56984kl,7475732683
16hgZX5VPeUDUKU1b7ERQCHFkmCLG5Zg4kdK4UTVs1jH5,iota1qp2tve0u2tggd7u5vgzle7avlq7qd38edzypfqn0a6z5p5ed92pjc25zkf0,7473730021
1DbbReFEC8HEq6QipD8dciLFnmzb9KL2TqEjs2kfqzHwn,iota1qzaj363eh4ndwv2n3dzvmxu3ueka8gzc5a533uegz4q9ej07z9dez69vlmt,7292124904
194Ew7HyWLLvVktDwnDWPzXdCCjtundkNVwxVXmYtJ3Pp,iota1qpmmrl0g9cr4qumgyl23n9304m04z8rpzn540fflaz6h5ry0mx72k6mqhmx,7288093570
15uA2J3ZnTfGVocerbpqmduvEo6gYEiq4NEozc4VDKu7T,iota1qpyvkf4aed8chn0t09kw8kuj67q48kgl4sucx7la3uamhfe93fg3vlerdyp,7224645566
1BTisHS3Hchi2nyGkBG8Qj99gJzDDq9YQwHtrbFhVyyUK,iota1qzdk6ne4ee2pnx3a734fcvtwszhmey4pe8nn2qsg7eq3jaqd0fy3qzz0vgt,7050543934
1E8dykXud8vPotWgdz2ZsCdxnwutG6goeR2zmiGFCvoih,iota1qrp3en4sjn5fwuh3rdw40jpn0qajrkgs8dlgfpydtrtym8xl9wjwy7c0yrj,7041141821
19ZNNiq4EvjdHxgzJetrzHWe3SCTfCfrY92Tq2wW3rJym,iota1qpljs0lpy9dja6kjwcdw42zyu5a0fjumqxq4j8qjgqvat3q2kmljsck0pey,6988292327
18EqahXp2wHky25eQydZS9q3uFTQTfL9f49vcWXN97LaE,iota1qp4c6j3tcy2454gdhpsr6q8820sfkgzyskf385vpk06cek64qe6ux5rt4nq,6957836245
12VyJYABjNhfXknBRHNne94f9JiCbd7Jt8HpiAuWs1VmW,iota1qqty08rpmev47ngew3ghd4mvj5qk7jxdpy9kpsnat6zajrcvn06v2q3x3kh,6917262814
1GpMB8zLc4QypP3i8AfCFPt9nsmegGY3c7RALr9DvHrnh,iota1qr4sq60rsnhmxnjj5ghsza4pe4l63zsda8uzt0d6lcusyq6ckkdqufmvykr,6907379542
1CjKe8ff8cz6CafppW4bmCJ9RciapEgDuT5Uu2HVjBbCN,iota1qzhyspkht5selyzp0vp5vc8np2fs9dku6hcd3qn2lghylg6wnuyck866e83,6869081865
1Ae4T9QyfWAQfsc8CgkZrkq3ECnUoUdgZ8pEMtPMvm6AU,iota1qz8n0yhk6060jyh004jqj33gn9usfq24dfglnde5ahq59e0xnf3gjplyvxs,6833983246
15RXJoSYE4YnpFe2oXRHDBXdkLpAd5hPyBiPM18K84s7H,iota1qpqmdaytsk6sndjtv87d77psksr5zettv43xm4ppu592m3dwscc4cram4uh,6587135532
14RFSot4qVzyvbyVpdMR8WuWPEikiSpK8fB2MpjmvnriJ,iota1qqevj42tzhmy7zlzw9w45u3kley8a5u8630wsjvxkmkuklhunf7pw9j628n,6573988180
16YfA1cWQraV92j9o1KjUe75FCcW7BEn7aNmwDcRwHRdp,iota1qpfxd9g9y6dv9eppazcqlsugjf853zffak8a4jdwtu0ffrxh8mc4wtx4vsc,6502152400
1GrUPak9rafRJ3J29h1ENGqqsgPqfdViaAcbidrhBmKy3,iota1qr4chwukn0593048seuljndmeqhwta9x4xpvj8rap98ft4zkzt505qlewyf,6345840657
1GGP9zTofCF8peukZvwsaepwGDvMfanWygm3k6MX9tvHS,iota1qr3dqygccztchulv5qjlram8l582qm06mnj8cwyzhnayyu4l6sa72qx6wvt,6340690952
1BNeiqGYB4DLKtvFPJtmEKtBG9txT7ayAMBNhH54rgeif,iota1qzdzpd7pmg3g6zt6lg702qfcwdzdtsucq2dqrafp8hnn06t27686cc69akt,6250675154
13QesbipQvtJsEupZcy32jHJRt3nv1uSnxDgxtGjXcSHz,iota1qq3udrsw3anr6zqgh0le7vz5566jch84t5gq08dmufz58608jkhr27df3nc,6217189069
12ypEvZZzjNRXnYpcHF3ZeS3utYiYrewgPThjth4DcjHC,iota1qqwkngrjzgwdx5zmlaygu45hm7j0dfqvyljhl7k3hlqqvdwpywgzkc7p4ep,6118044249
19C53Q3YGzMpzCaPqiTpNEQ2hZ7XyUTb5oW4SGaJFKSU2,iota1qpumxapsxq0uxr6cek7jnelu7jzc3rqfeqpds8cs7zvxw22rraptxg3ypx6,5832690789
1B98LFoUWUC2ATQ986ZeTvdWdS7xPYV4eJJ5UbrNb8i8e,iota1qzt2nnjcj6wh6pxkpwudpsmtjtg5zgf8g9nct22ah0xgz277npkpwrfm497,5737187175
19rYJU9kFHDBwi3Y6GEVieq5A5gLcTUeDKHnxd3SSVAYS,iota1qzpcuk80nh2vvg0pv0k5fsc7rtt8tz2eh7607p6sw8dydau7ph78x894fvk,5700593061
1B7xcReYC6WXecDUxa7b7xUwSPggsfkT6MesRG6V8pLp5,iota1qzt96w7psav37jvknfhqc28sp88tqrwjntfvx3qzng7cls80kft4ue7y38a,5697758123
1GvwA9dXqBAmiaUwwT7PVxtUmFaJJ8Dwho1pDNU9Fq4sb,iota1qrktq54ctwe8wyyf94d525c43vgqzn3ljr0tfdm0xevwxa2dpvjcy0page3,5662919590
17UnFoiRoHJQBm59gCCB5zzbimQvDyaUdWEzar9NuwD8s,iota1qpsy872yr9pfcfnzea63ysuegh27jwn7dyvrd5y29pphgxyrqrkvspupc8m,5630343806
13hBHbozezYyQFeLKnGFhKPkdVpXJjAbJnQcRQaAhboqu,iota1qq5qy09r3996whsqdlm2zf707ds80q5yyn96u6teuz4xagf9xrnmcexhged,5620746630
19ziNUoCUDgsSCd9M18JhEdcNuZDnvPhVqpVXYxWZcbnM,iota1qzz6vcgdwwwcmvq7t9v8r36lgdfykk8048eaxv5x7s2f3c5x4qswv76knp5,5585205864
19G22SyUtytcmL96n5VmBZqZYgzN12NRNACWW7igx7LHB,iota1qpatvhw3tf3725w6psyfjupdd99sm470p2dw6qc3vmqspl4cvtn9v3vuat3,5554619740
1EXAF6NquL7LGnRaLcdb29sDkZwWJ96PG51ZpjhTpVTgd,iota1qrywrn3djvyg9vjmqx9wmy2lpgzah7e22n7mdqdswg628et534znyjacxsf,5497270755
1BhmijKdFFiQ8MV5BxjyBKxE6eecu5VgWwqNbR7p9Kmvb,iota1qz0sd259jz2vn5kvupmv60k69d5td5lemwqg5w2xy57d4ynsyn9cgxhncvd,5473160774
1FEYqnp7fg1TnAA6m4ja5dbPjBzKw4kkopTs5BwG532w7,iota1qrfhc2azh8r8k28sr06gzjvezmqwmjmn800682ukg2rv9laf88udv83aasv,5458595953
1J1CYHAEJbsBgGHmWTX1vSB1VqZZNpr8PkPdZRKWFyPfm,iota1qr728wd24h465nhwt5t269u758yspwqyt0tws43as7l6rnhucxcjqr6w8lk,5458023764
18wBVnj7CX2FgT4MkMsUkGydJU87XDDUuJtnnqk2FErJz,iota1qp67xzj6zxvmkkew0y0l5nqn4ezrxph47pdgxpgpxt2hu4fwd7qr7alkaq4,5452965089
1AfjNDsh8kBh4BPLphp8pBeeU8AB2Qafj1BuPxBycjbCH,iota1qz8622qxc528mprv5kywqkg5pga9eyhas4hqdqlj6zmzx5kllfmpvurxglw,5378008276
144AW2AEELdua768t1opNUAMfhHxz6fA7dgZ8EWK3dzJL,iota1qqkk9zuh0fkn0nqnkar33j6vkucqhz60mrcdp00k02rtma509dltzu82ru5,5361921951
1Bxhsyq7Ct32PJ956iucWoncdp5U42WSsj4nZSU3HoDEf,iota1qz3d5zf8zljt78zn9qlj8e07hwzqprg9f0k2p6r6rmaulqf285xhsga95wf,5356291087
1Aq57iCAiHMEQJ85CZiKgS8MTbc5qwQwmD4aGsdFeqVME,iota1qzfqndhagky9hrx5hyt6zc3lynhl3ae2f9ycl6kcmfqcrfzejcc32sdaqn2,5320854356
16AQ4jv7c9wU8S6BZLW9e9HyQYmGEE77Du3mdZg1TSNYW,iota1qpxt90dj3el9lzzj0qs3vdjg90vtjzngd4jh994l36vnhtr72nz977krf4u,5260826486
199gEKh8Xsgjj6wxmg73Af8Hz46Bfd8mh1MHkr4LEerh8,iota1qpu3vl7prfwnwzuzgs4e0ycte96q6lvsa98jy7psnwlhe25jxnymxzre3q7,5229382077
1b7f67Ti8BqzzhLdHPZMomaGKbTUpz18mSDasQvrcxRk,iota1qqyt6334st7j68y0mudwq09u59wm4kaywkkdfgyym607qsjcxx8m7t6c82k,5222606834
14gsKRutn1rBTVGd1f6vS5GAvQjUZ35AxBFZu5FLpQwb4,iota1qqmvnx6kus6c3dylgz2qp7r7p6e33gl8qwt3s823humku79qne2nwzvm4sd,5212866609
1FWWicKs9kUnprKQ1EuTBsuiU5VzE9x7cJ2FaPEzFRu6J,iota1qrtexr7lgk2jfpv43nnkvdmaxvthlghx2jagmrsxetm30sruz7ysxmkehse,5189211779
16JYcU466an4yjAkBkNV6s4ZFXfwhiqcJ17Dr39js9LzA,iota1qp8vjrfkwgskjscpas9xd59uav4k6mtg0c9ql55dqefsv0l0q0yn75v008r,5185934694
14oEoXTPqfZqxDpLaWZ8RMW93F1FSargyJGTmAEbq49os,iota1qquxkcjh2ztw92fu8ufk6jv2ddt8mgsdgt6jcqukfmvwnjef3hvrvma6wys,5177026745
13AsD6NLREWbp4H29GYouNLhAMQX9C2vQkiDXEUaxJdNx,iota1qqsruhel99a7sxtzd66r49qpskejx2gpxs4tshjjzuvtzzzp2cnqzlrwl2n,5173008415
13gWW9jAHWz7wxBF2HhNqpzaieoA6sAdXPd1XNh9zYnzx,iota1qqnavcj5yxkkaep3j6mv4awp9hxsqgvd9y6paunqf5ll68spwng46g5ggwu,5165257850
1DC1HHr64HU1gEy7cKuLT8nyWPbr5Ree1uq484G8dd1eu,iota1qz63mucccsl22ucsgnlfyxd6l5ullgjq3lk6j3s0xrmx4at023tpvveg3rg,5050767950
12q1jvjRjuaSsRabMLFRb9SafzME21DzwXRR9cpDawGMG,iota1qqdjsec3frr4vs8xvjuhmp6hwptsvqtk8ct8p0vltzt04ahrry7lxme2795,5027425223
1FiyCLtmHRAzerZuUqGYi3MaYAQgbgATwWsdz4fJhiToH,iota1qrdv87r7qndkrnn6llmg04e2azqkh3e62q5de7v2af8ypxwqy252cd34l2u,5009843403
16F4bVrCX1kokKqMgNzrb3rueU2qDJi25KGa5tcY94zLQ,iota1qpx7fgtw07ptnw3rmxv4ddxm47jh2kfuc3sy8upnnzmnqgxmw3pszu4adq5,4991208234
19MYDTMR1U4Qzwv1DpZqHcqtmaMhoCASGMt5TvUANYoaJ,iota1qp7zqeluhd3j7rnc04xmqlpn2ngxl95njkm876ye8xdjzrlxdemskh4hj4h,4976396331
17UCXr8mpDFkC8i7r7L9iVoF9gg5Tz6vNRxvdJ31asgSh,iota1qpspm4awt4c6ry2hhyghl48dlprhsa2j09al8esnmm5lwsvndm3zu3rtgm5,4845468990
12ZjM9aYgwgsxyoYgqCSt29BtHV3DctVaiTBzxk9yuU9y,iota1qqtnufahm43nz4xjc58uc8ycpdenhrsr0d7tmdtlkwf3p7uc63ytgs8qcag,4834922499
17mU34kQ3VB2HwXHisekhZxm5ebM99XqSLtGdkcXfZUTg,iota1qpjg50c5tdn3nacuq90cvucxahmzyzxx7t5mfkf4xpq0s3hqfqpnwr29z0w,4832126573
14TUReRmP2fpWtsh6aYmUGvRKxBCQdrmNrrNGgKAJtgqT,iota1qqe4k27c2v067yxax7fs7exhld6838kjz8lgkdyqa740u4c03eu3u4z2ck4,4789108333
12prfNmRwNfbrywxR3jUndpTv1NMqGwYac7RABh7c9RmK,iota1qqd3ugek3lr6f6wpt57qpgyfz9t95xywskskp6pmftkttxgqwe7e53wwtal,4736544933
14gcLEqUvU4sUPhjPVweQ9CX9NqBrC8PzSqXh8HYSGAn7,iota1qqmt32te57j7rsp2l6mp3drzld542puz63vzxx5hvrt9996dp3r5gvsym8y,4736128795
17opeD7K1ReSN8V4PKB4gpKP56F3gBx58vM4YxwDEtBRY,iota1qpjjfdgvc8z9cgcg76q4smk2saqqdx89p3xs784mjz02hfpcvv2r7hprzsk,4719990453
14Xh13apfKUUpTKo2b5u6KdgQsDkM22PxRgmza7Gnfy2S,iota1qq6xldkvuxg2u3yw790zmn82vh0w6tcm9lgwa99wv568e0ccrnh4xurtsjh,4638557497
15xYoYci38gD4pf375TozJ6BMZqS3kWMWZK894ezdP4yj,iota1qpy6nfkz48r5pcdsm9w0e2x68xs8dd8hemdn67exmpl73lrt9dm4vp5wglv,4633537835
1CcZHYiyj4mtSWpV5ru5zjmYk6Ud4AQTHuG4W6ERuhABd,iota1qzkgccaazu5d0gmpwhm65pvpncdffdeew0sjucefpv6mj6cqal57c3gqjf9,4600571922
19enRjPMYBrWRFuYGG9nxiaBQDqcbHExWcK6rK8M2T52i,iota1qzqgkktqc2kqus5xjg2e6yzlj72kgcgcqff6whmxxsc8aat6nsn9xqyejh8,4600571922
1ErEEnkUdWCYSAmJbcsJndKDNWrKK7xKgocSDAQJqjVgb,iota1qrxugkuwnujvjyt4f54hrpdn6l4ywf9cnfgrumwt67srnfsk0fm9s4mku9w,4584953752
14ZzHYq7xuMMaPsqRw9Nr11CGWVvJEfsNRQ9pKNSzA9TV,iota1qq6sv66ag98dl3ruue279707jz0wjs2fu9v9fdyv3dx34qtthj90s8l2zpk,4560739737
19LgzX7Bg4GGuFRJiAXnVqnFkWvFxGANi2imYPAMKCK5R,iota1qpa730lz5tj6qhur9vmyqd6a98yn9q69flxx8lxt4t876cql2ddjq46uhtc,4557618703
1GtYTg2S6yvEwSSn17nmqR9VBN5nhzeR5r76ocC8LHivE,iota1qrkpxlecta5t40svmsml3ljkwmuwr95e4yf65drn4pf4jj33amwjxfa0r4m,4557579691
13NbbkzyLfJE1hZLh6kMkzxaNtNEXa7sX1t99EgGunnDt,iota1qq3nlvflus4ndugnmajh3sw4zyek99rnsphqha3flksq20a8swmjwqmf75x,4475873643
1BL7TaaW3S1zHYQ4gUmfqqKgsBh9zoydeGRgqPXkBQKXe,iota1qzvh5d874pe6llrdlk7wjm2tv8lhjl3d925ck6knpz9p6q78a23pzzq9e4y,4471829305
19yxEzNQMsM3Up1VqoC9jaGAuwVd2ggfjGGZsJakTEvW9,iota1qzzhg7mdr34s9chc7j59d6xcf7e3k9m9s6kk36s2laxfd6pq0j84v70sf9r,4369030275
1Bkp4oZAV1cogiZHJkWQp2f1wT9QP7yNAqqdYF8hBx6xi,iota1qz0uurawwsvww7d0md4f4w00d0g4ptm4lxm7hvlj6wqk9f8nqvnyks7ulue,4362372071
1DLKFwFcgKx13oZXJ4hKhGJqby7osLzF2afwfv1bGsuDW,iota1qzmnamqul92nvcqvknepykewd6nea2cc9eyw7cjvalk6h8ce3896237tnda,4269079189
169wjrdQABjAcVnwCoMrKQsVDTKcx4SekgvjqroTSUAjT,iota1qpxff7tar8ajsmynrhx8jpg3lrgf5ew0rp8sxcswjpfw5llzswxw5hv635y,4255944841
1H8Adon1JUrZP6Zd9kRYwMKKvAb5RD8wRAyha2Nh4Hez8,iota1qrhepu62sek2el6knqu98qcrnttpp2kh7wnmvl6ucq78hfffwtjf2kgu4ws,4210403765
13KaRgfugJ9HFxhakmCTSECc2izVMjjMeiu1NM5Cv3xis,iota1qq38n8mjmh3k2qfd0f399k5lxpmmgyz90t9x64f6ur5n002wj5dts80jrx2,4181638243
1DK8wELViZ6FtFBvY3w8tArCi3h2LjHp5sMTG3sTcaJ95,iota1qzm0r2mccgc74lvug0nwa60cx0p6hjzxcappq85af8e4kcdyaqw9qwnwwx4,4177359827
18jtzBTiBSzGUqbdTVxzcVDzUfHeihoSFHzvCAZjCjEu3,iota1qpe0a7a2ha324vt8spd6r3tq2ndkyf7d84ejs82yv6naj6mgun6fu0rwg9g,4141819062
127jP4qZBqkGhuKqVzMH8W6UePsqsKsSmEqUu76dRTQqR,iota1qqgf29md9t50xqknwnnu867w0z7th87es90qamf2j7lhv3vee4wcgvk9apm,4131376605
19uTLav6tk4WoXYYyTbDgwGqGomZv7kJwDJTFnkRWc2nD,iota1qzzy67jznc8k7e7s3zxrrulsmpwdnfsvenemtqj77wkw9uzpdgr75dyt7ye,4063871259
165Es6Cb3xtPxAX12f5B9HB51Y9ekqteGR19bKzoG5E5E,iota1qp9kqmh62vn85c276chlut4lw99l5uq372qfzv3f3rpx63356709j4hx0tx,4044806948
1EnkCPug8XMh4EBPKm9V3Fr9gGVriaXZxGiNyoQqSGdnH,iota1qrxdl692teshctjutjk3nyypl9lse9de9zznf0u6lu6n86nhzrv05xk0glx,4033714276
13HSw9Haxx2xn7h3dLtdcNV65gESwpw54WHDUPxDSFQyp,iota1qqs7mltfucfqqj857qaelp5yqmph0cvqpn7zncl8mj03unfgppw3knscq0w,4001346561
12qXGN67dCQK1RyJMkbwFZETGbf41gL6Zm3nqUxsbCghV,iota1qqd5nj2sfk9p9u6p9asrwddyrhjwlkfrjf49r4d3sexl4mtttjwqqyepl4v,3980526669
14wQAxxRXNk54w185gJpwRXK2ZmkEpGkLu2q4KXz1TUwD,iota1qqag98l6trv5n7r8n8r27htal66w5x45x24x5kpdgnxksfse8vt5g3cas2j,3977067524
18RKsUaCm1zQc5XdLpvVhNXPsFXCKZCNyiAMR512TtmbH,iota1qphr69dxljxy4dca7hec4msrqega5a83h63uh4ldjvgwukjgq2ljc32nch3,3972594043
12qybwbWSwRNC6553xrsDbsUM5oVNTU4UpifAr2RZHLUb,iota1qqdk0y8mkprvgnhcgd90yzp8vmnm6p82xu6yyfamcyvz63xsm0zjcw92grd,3895491520
14DJCrLdNVRduEnyctdnQEBBXLPGnrzBC4gGn6JCSgPuX,iota1qqhmj779ruj55xgwx9pm9vg880g2wz0mjxmat77wzl7n37j0vhe5vfxujkg,3871121453
1zWZdmKvn8Tppw3qxtUVrHB3DzeDWEewiPsTv5GGXkt1,iota1qq8thzrqpgpevvh77mg095mysxxsqw9a2kswgp855l77z8fzhzk35tcc2ka,3859924747
1Dej1gBMKzD2ZbTn6YEURc81w9kqqESiVE2zjAFh2br59,iota1qzalv0zm3cv3qvz2xarvla9hs5rpsuavngv6xyt6jdq4vjqws3prg6s4edc,3837232235
1BUAfeVe6S3xs9hnU5TcJNac3vB89wCBBBJz7FBqZJeZu,iota1qzdc57ccaeda6660fsu5jwe9sud9am4n0we3mpjwg8tf9rvsas8aqqk7e97,3831549354
12WX95anC8mSXY8pJcFzadfPPgVmpNrCY2bxLrJyQWizM,iota1qqtxhxl882ynh73cfpmmfmpuw58ugljsr4tq55p9kl7wrsrxr2dh580fyvr,3802419711
17vkdC2PutqjraLn2MUbQyQ8rEpSLFAs7sADK1jkW8vuK,iota1qpnwkwh0va6xmepjhlyc6f7mw2weu5wv9z7ychxztsupv6svjt7fv4qrg8r,3765422464
1BQ2pTAdGK7pJvMD9DCwR6N2F4pxZ1fT89K9zH87Na4hu,iota1qzd8kjyuqttvecse08zug3nhanj4l3duw7n7d4ctzpwhw6e075u2sdfec8k,3727892040
16nofsCwbC43KKue1nUB2SmTQQcxwKYzFE9yM7YmUzYHD,iota1qptqv4630zuzy4c592anm6maljz9z7d7qcxhktj2gr4758klwyfwqq57kjk,3687500669
19nZnoejgywY9co1AeQNNtbQpnSd8NLy8AzvnmdGjjobv,iota1qzpgndgsnn9p4tt4w2y4ymh2y5vrglrrljqsp2z63039rhz46nglz3gys7j,3683976503
14y4CSqCqo1o8yP4wK5zjtuQff9dZ5rLpE9cTC9YA5K7k,iota1qqaw7vufldzvgj00u5js6gn7e7fy5pqjhrhfv2nh2fx5n4srz5cp70yz7e9,3683937490
1566nmC8AeNnrJeBA1QbSnD4TVyNK76BjEQv1cz87d7oy,iota1qq7t6v5g2ym8hy3d3nacdzu830y4v7lq4jhupeugrghwqnxpnyrfcgerh7l,3662077253
12aDNezpkjwBMvxBK2gCW7SimgDMnRfxgi2TQWHKsnQsZ,iota1qqt4mkql40pkqvvg6jhlztu3uuu9dj3v3x0nqjwp5cuncf5dnxcfs5kqkrn,3536572708
18qGKo4wv7JsVTXBHeSeBPAyxMPM6cWi8RiYLXf92tnyB,iota1qp697qaxlqp5veu2xckyane9w7qm7qrrn86w2gj0fawnfvqsl8qevpplujv,3504699157
12zyNMkfV5K8PdGnWwoL9YYdbdsTHshgSnYFr3yrBpdCj,iota1qqwmtpmq20wypmnfjvgwltjqpv349fnemqa86cufpgjjvm03anf4qfzfn7d,3493684510
14MDajw4QZESDV9JU4oxWzSrmsAhT5UyXBW5c7gxgp4Nk,iota1qqcupee4mx7qrp4tjamw0lwrgdtjwv74wf7ak9yy3njuj46g39lyzuhj6lt,3490862576
18GgZUMt2xMxjryzsgUFV4qsrmk1Rt3F4RkUn7FMr7sp3,iota1qpkqvsz84ljjcnyzvxnveghggqtxx6vsw723zn6s3vj9av3fpartqxnd0c2,3489328068
112sdreXrYHnDUH5vXYoyfoHvsdy75yGsX32AHn8UGGEV,iota1qqq844dpf7u8dv9s0favzx7vwz054zdk0a3rupflv4wgh4ymsvjdy6tezec,3479405784
12JWXGKszDKVTTsrb7u7G73CnbYY1uUAw9mjpsdKSCf2t,iota1qqf40u826xxplc5nymusvr9t45hqkjax2nc2z7rs8rreelwnphgy6gt4f2t,3472019339
16Wouf8BdVCRJeSTwqAvYYYS7C8Y8tiiK9gwRKxn8AkpP,iota1qpg765f8sva9kfz8pffxg0anh0lewzkakwfuv6qwghq4k7g5emugq7nuulv,3463319459
1H6uYFmKREVWLCjBbpHkPMn1bDiP6sZtPjX5Vg6ZF68vG,iota1qrhnun87stvnsts0rm9emkglphxguvchaa7cxfachufzgvst9ka82w9ruyk,3462890317
1Bk85xJjkdaGfaiztHax1Vvm3qNRbHx8hGgHnMGCPT9HC,iota1qz06pkc99a2hvxlvrm0sp797t38035fg465rvqq34n7yq9lay3edkv58aml,3462708256
1A6DBHexaAqgEcbGywo21QHb4FbVENW4gmo5b4gA4X9rh,iota1qzrsakhekfc7u9r64lwv58p2lc73rxjn92ug5ut7geetdx6d4u6zygm4ygg,3451316485
1CE21R5v5rEhtMVoNqRW5oBGHLJa9PN7MwzwTderDU3sM,iota1qznvv0ke3paqp57ltdgsw5ca7maezp8kdsnnfsxrm3c620ynazecs6ye3v9,3427115474
1iVssfqpyhk2CMaKPjbjPQ9ZD8akPHS3zkub2bYhnYxT,iota1qq92zahnxnqs50u0867hgt0hvxf0hzktv3lrrfaayguwnrya94pdgyw0p8w,3417050142
1G54Dif1wHiHzqpXHZ3xLckLXy3gbMEM4pd5DjroxgFAq,iota1qr07j3rxpek6kv6lgpmx2hyhjc4kky6j6frhnwp7waud9ev6wzlt5krerm9,3399845447
1BWCZ7Ang9owpJoYFLMyU1oBj6pZHjSWHjnBCWV2NKqrQ,iota1qzwql3kqnqn0pz3kky377zxmu6j5x4he5wl6h3p8vdp0kqqtn3enz5x5uq9,3384149251
18eSvghMufUUZGkjM3AH6FuDmNADYit4KaxLAdW8qw62t,iota1qpcen8xj94xpzemuxrla69qv82c35djgrnskr47udlmeh2yftwdnzmen5p9,3372484390
1Dd2wH6m11CcZKKu5yvBgqV8cMZB6nM8iF2jJBsm4uuoU,iota1qzacw463y0kdctfucpsaaz7jxal39dzh5a0depm25vememe57t0jwevx8pl,3352899907
1J926cuKx43kzngdGi2yNHjtmDrBQiLpDAmriopDRtV8w,iota1qrl2fyyqmzartekgl3csp0wmf0gjj65mprj9eyduh058fdqwlny8gvmr6yy,3352561795
1DaStg9soHPEtPtFsfTX2nwP7tdcLzw3gSWUgKnb1arQF,iota1qzadmt60vhktxvrzyrgjaaapr4fm0phcn8tls4l44hk0lqx7hchdqhy4kke,3314706264
1BGyBQt9cWCQ99uGuxj8ohgfHjZxm7dCVXpspEFcwPw6Z,iota1qzv2cx5392qr94dv6g3fa9wgudc39qh6jwq46ju34ujh257sq24c504cx7t,3266265228
1BTVUBH2GvUwX3tXLMFt3KLLaTxFwrmi9qfwsVAd6dwQX,iota1qzd4u28fhd5pwzvruz4s4edlspgaskyqqnxlkh0mqlayjzzgzjyfcd6g8cq,3229254977
13ga36557iVvi627n3bKTBXvS71z7nijz8drniz3w3TF4,iota1qqna5cgmzcf5wnw55kqspac6hxemt3zl5wyeekgqeymudjsw4e4cwgky8s7,3222635786
13q2GBuMZfFPKzG7JbbDiw9TLfkD6sMWUvkTuLiDconbM,iota1qq4qft0jvskwgslwr9w5cm2u485pzyphh8lrslaj0tqaa2mu8latclugj9n,3185612530
1PEt75t8LqkXLkpgY3no5bhG8MaHoHpp2RPeCSCFatJ7,iota1qqzmy7f94r066rkc0mmk4rlxpdjq32vy0a5tlv8v6y46pn3tlf8tgah8xn0,3184754246
123FZrBoLHHUUMmgtbzEEycZmDVEUL8N8wHMBWRYy35e3,iota1qq8k75v6s829vlqkgcw3yay5hl3u3tgh2dntckegkecn407h0tp6g6a66a3,3183141712
16LSYc3eTvacKJH52P7WRYBrRJRoNKHjZApdnMhnRRCeh,iota1qp852k5dzaglfwwy4ya79jzl2ammnqtefqvwxp4qvnhjy5659vu8vkskw0s,3164402509
1CUcPUVV1zLgFcVKbLBkrGL1NsP1La6GQLzoq4qEDu9jk,iota1qz4gxspnk0zwck259v862e0k7eg33f70267ewytzkd5dyu4sa4ky76nkwgg,3131345566
13TUg68FrXz22WjyLGCYDiYT2CBnYuQHkguCQ92ymb83P,iota1qqj8l3qj5gax6hqk04zcvavps0a86led2xk2dp0pe0spwsuvkytdvx6v5g0,3129368912
194dHVGJVxM15KoxZXpRXW7UcFzoW7fns71PyxCuLcxku,iota1qpmuksama9dr6jml3q8rasqcs57jrf53g9napu4tz2vz62ejram3vhuv752,3117001818
1D2osvpM1CZuTQZwv5FFQuuhjiVqr5eZ32wBFGXx7AqLk,iota1qzev94zp05xls569ga95q8kx7lgkvjgjgxm6d7fppc0y5tzqlgzkz2lampm,3087612089
1HFw5ttU4ZgvJef4SWHstZBxsjbhmUnieXUgLEL5ym4JB,iota1qrccu35tf73jj4y3nvr20fm8wz5n8qrf7e9p50590x7g3vspwkg8q6566x2,3076909546
12VRnZPHaniRAV4qFa4if9M6MrFezCjHrLJxo2rG45zd7,iota1qqtz87vq6vt0epyuhj5d38s47cwa4ue9hq6x08ylpwj5k0td75tzy07ky46,3074009586
12p6BNmppE6spw2a2nwPC4EmkbWsJKJVTnZ3fQxa4i2pq,iota1qqdwh4e6nszqacscxaaw9zggm6fryj8jwhr2e8w8sk4wd6kvn3j8yxxtmqt,3071226665
1FYe2S9q2zW1rtxwP2SQaJrqYL8Wkxx5SuNyz69KMxt1X,iota1qrvpulrv5tt9rlezjup0f5fwjpkgwdjcga6dj6z63m3qnxhgzjdwyuun98r,3066727175
17VzJ4FoPJQ9zGLFTrrn4LJ5zK3nKh38TkgrkEwPqdiPk,iota1qpsfx244p86whspvu8evd8h3gnq8ez4muhsm8s99yfud9hcxq6h5kwje48f,3029664907
1BEfQfigdVR5tJcgbqmunNX1GJ8Rbr5ApwB7He6aicFFp,iota1qzvpfkgs745s56a2xh9wehc39u04vudz5hylmqc4xzu3sqpqzhrmkxef56k,2988259200
19ApYypDu4NBXtm4MVUdfRz3gGwkA3wCoAiwq5CQiynbE,iota1qpukzlfuxt5l7jjfryzayqlct9zu0g8mw6g82dar2099xweqk6lc2ha8w0f,2976100175
17frU5FrcDTD1fW4KsHkHzVdCt7rj64kX1zy7fzDZErcr,iota1qp3358lr7e6r8msw6g0puzccqjv03gzl2qn2qmvtxduuv5p5jqevkpyzen9,2916852562
1EWptzWhFCPRAwukb1vD1ysYwgaQ3H1X5VPWRAsHAWKvA,iota1qryvhms7qf4aj2qmlgtk8rqx6lxj6yayrlzsfrqvm5y30vv8hzt6kyzgw32,2879114070
13u5mFgAukStc6xsR9ChiJpUdvJXFdnS1PDGtsC5nAxhL,iota1qq4saa3pv9rcd5mjxrlkynryscl982tqezhs02jpvktj47px0g29wj85yn3,2877995700
1Drk53YqYcwBV6TiZPNpVudMZ1qVfNpgS8cAQktaUsiU8,iota1qzls5ekle9p3qqt9da0c540rys2guqgzfqv3296em5zygun7u00yjrnupww,2877995700
1CQrdkTe3UrhdbVFHQLfb9oZfztHj4r1yxvUo2vGyiXFU,iota1qz5c6zfr3kdj0mxn22jtjmhf6f8c6xfzlv3gs0juy62u8w54f09cwnkmwzd,2813494348
12RQzE3vLpX1YmnPdyVuWFba2BYFTL7XcKmjo8bq6Tx91,iota1qq23e0uy7pccr9e44dch0k3njzrp25y5jfh0qau7dlrvhkkkcp97cexpgan,2810503358
1AaKRk3sEb8twFSpYTHQXiX7ALFg8UzdCrypC9eStP1y,iota1qqp88ej5vpps355vjlzezeu4h52e2yf6g2tpjj74ketyhaq7uz08sprcrkm,2790619776
1HKwDAVJpjBUKhNRSXBjqPBmhuCfU1DStXZkzphb7ZuJR,iota1qreff0v3u5enh5mhu8x9wq4p25ka70zkj252zlk0nae50zeclnqxye4rjqm,2782010926
15Muc5nStonp1jSyqVa1cuuoU2wTuTnou7LRa5zRhY6iV,iota1qpqvnkp269qula58l2etggm8m8lr25e762w89kq0dg06cmez533tyz6mldp,2771451430
1DE2BawXQPVZhKmYXg1ETqJY533QnXDLRFTwn5aausYyF,iota1qz66ygt4xwglwc6pd0z6u33p2m3jezx0mjghet7f92h08tgtq94q5aa02a6,2766860911
15CVGViCErcmABbNcMjLduU3u15PSyHmWPxTLcgaJojq3,iota1qqlxqxf0vuep35kghqfr04mtyaryyea2l5ce8fzu9vapvqx4myp75gpx2rt,2763011637
1263vbLQtgRvi8Nzg9fPBT5Qwm5mZxyFQzGkeEd2z2mAT,iota1qqgzdedt3pxyg4k8aandw4lr7wdawk2q95f4xszy0eya9mygph7jc043qf2,2735741610
1AKH8PmnRPabDr4vkcp4qBCPfohpPgNV4mD8wfTF7BW79,iota1qz9x0h6ds325ya4fp0j007yvshm2g8my7wxqvrtm28cm277rfjl2smpf833,2733192766
17wvhPvPwDesFz86uWrtkgXDT4ZS8tbgCFc8eJmxJZbGk,iota1qpnnsve4hu23vmek5xh6cq9magncyhfhkm5036rm3yfwqvlcgym5jy73n3d,2729759629
1AQkXHjNLiHdFFFSvMiT78w7SrV2WNztBScMFTrqq7vEx,iota1qz9uasrdsvd35tmldtqgey684hwgz6j2dk7cpfxggfc0dvk577nv6c0g8d0,2722919365
163RuYvieNe5UUnhsjiHhiHK8t2XD7R5t9cMPxXnVMagC,iota1qp9wns0j9uq20rwhvpp2l0kkem7lp0pr06fppnjw9ar59u04f9mc2hej62q,2670525021
1DqgHtMWA5F1ckPYETgGcFFGt3MQb9EJJfw4EvaXpUv6x,iota1qzlvfrr09marm8jy2y9rys82egfncmlaxpaswff48p7ku6f76fu82ftt0kd,2659965525
1777eC2yR17pGnJziGk6Z1JfPvM8Vi6RzWpvWxkZdnbm3,iota1qpdtw8vm0knv8f7n5ajyesu37xpllvqdv92e0dxe36rplx4y24x55y9a7ck,2648287660
19SCwxrxGVVmiJ4Lrn2jH8f6i7ZMg9Vkkxo1LU1FWS3cs,iota1qp749pj7tkep6pnz20d49xqygeqe6ekz9qnpskm07ykffrq3l75xqkrvvcd,2616023980
1DyjnLHE9yMWRcDTTALvTq8UVCSXBXDJTBpUyDMeiRm7V,iota1qrqd2fzg9fhxf44ycm9tpn7h5d078trhmay4sjut0y5u2ju9l5kpsfq9sds,2600860960
1BtwzWi3BBDevayn4yfrE9cqT7VQc7pmH4ZGWvmyzYtYv,iota1qzs782mjwrmuacm9s3mvdmhxzapzhfze3768gs7ac04427vl36hy747lmdu,2592967347
13Mi14ju1u7AApVAH4GV4H7dWHACee9eqZXdKvKFhw8vi,iota1qq3s2kdzkn90ujqaw8yyvumwl8q88ndxy5gkf8upezuayyj3ue6dwkhkhwh,2562056115
1AdexwMJFpuiQstgdmjYpdhxS19UbMy2FF9FdyvSyLr3,iota1qqp80tph5xdc0ztq99crd5e0nj8qanuq5mlgx5s4gsw6rkyxz8krsn2t2m6,2557504608
1FoVaTaR1fv3RhKdjAqAmQXK3QLXjFPq113qVHTRDCHr2,iota1qrd7eft29kuwxaeusnxv63sz40myw6zlcspqs2hvdl4pww94qk84xqy6ac6,2557153492
1GtLW4cf52bZt7AoRajemNh4LGhMEoSUppWPch2vfrs6U,iota1qrkqt7vlhzzvvchlm6zlaefhwjmgspu9yjt63am84wfplfdelkp66g88hqg,2503094597
18Lry4W77gtuEBmXbMEiZTKa8EMwLw7ZCud4ri7sxZJgx,iota1qpk3s4660vfs5pa4jsh25m6a4smpyd8asjrp7muj57au6epwyz5zzqr0g9t,2488477758
1BmXBuxvQChuy9WxojGaztVQHGw86cNKSqU4Y7s7f2Xti,iota1qz0lercgdx9fhfks8ctd9kje5cexyp5y7sjmsj8jp4ejwfgsv4ptwns8sm2,2472638515
1EENBLD1fej6NBeE86ey1hP5iGg7EWYQ8f6vZtLfrz1xh,iota1qrzfgmf7uclkcwdl5muml0wuap08cuatwdjzlrs0u53xa526l5uev6cht9y,2463431467
18ucxJYCLvuZiriXCh1TfEaKpauNL7zEkKDAgr7sxTeKU,iota1qp6he2wdertjsr2jrk03686qdff2yufzptr759krcv560qh6vt3jxegvzf8,2415042449
1HE8pyMHTZW7TuCi4mikPXNhr5MoqL8SSUzbG1aEE4TVF,iota1qrc3sephp2294gga4clq0596yz5nv2ngrv7yfvgxgu2ks5qvfj9tvl9gw9h,2413221846
17H3fwbEMPpSsHint9EGJpLCAVgm9Deeqzq5f8yMSYYqG,iota1qpw5ymmqd4mrff9mfu8gaak2dz9l8stpwryyx99l87vzk8e5nnsmxq5zx7f,2379709753
12LbnwMgr9cxs5csyeRdhJE7cMNBMCmDCw253BPcQkNjp,iota1qqf7zr70nn7srne6fvzgweacp9xjtg873udtns2k9gu3glunlljz7syj5ku,2359995227
17b3GZvD6XmrL9qRRzzv6tpoRvJQKJqWtggxAmeMnzg4k,iota1qpsaumccz760gnv5uke200mpdwfhgg9l0nlpk466cygx56aaw05v6g3rsg9,2332074984
1ApnRJKjDMg3zWphgiawn3BKDbwEvHSWKR2qvw7vZ7TNX,iota1qzgld40jyzzjq084gfynr8rn7zn7fr7kp2h982ly9dvq6hr24m53s8dhl52,2330410433
1BRBSKXVJWLC32H4K6kmeGeEzsYpHXfj17oAmWXe1V5hU,iota1qzdvdxlu99mzvkh6a2hpf9ej2jr07rxrhdnnykxzlzjmyhgxxazrkqvn9yx,2327926611
1E5rXwVpzAAxLVJG6rG4bTbqjvrU6B2phKr8Kcy88XpDA,iota1qrpxvskt588mq55ppysrueujp27whmteq05g8wpgtylqwxjvukv46ghluup,2283555923
19Z87vTHMMkTQoreFuc9VXX3JXiQXjN4zj6PiarhFa5f8,iota1qpl3sgvnm0ttv6gstmgrt7vq2p46epz3n63gs9k4frmug66ye3vlkaw9ta7,2279342528
14Vxe5Kq921NPm64pBGhARm7hN8w2ue8EEssafWrA5GDw,iota1qqelu0pzy00cjdftw4vdx6t3rjxvdm9w2h9ut49z9u4yw45rjtp35meqkfh,2272593294
16o7vnwFJR2eyDRZdwFyQzvG7NowPExoFLTQQ9kv1GnAU,iota1qptp4lqhum2dtdsjd345cyf26pjnh98tvmv0dlrs6dzy500mznqmz7dmkx2,2262345902
1C3Xd51hP5Y8Yb4zdhBky3tHD4eLWTiEYvme3pTXBpdN,iota1qqpdg06d3lj5909apms8xukfa53kfx7syns9hfuaz945fd2kdhz5jvgxatp,2250733058
1Chi1anQeJJ1vmLY2RtnmPhf1dQSTP1egG8i7y41XAact,iota1qzkau29yxarufvujxz0khx53lnjd9cfc70tg9z93xmw34lyplulu6my269d,2247651037
16A5BUehATFXpaMq1UKa14d8ZjPEfJ9ddLuxZLgGwF4Ru,iota1qpxf6cunjpfjnk2gsegpgw5lgnksz3rvlh6jckqjtrprpuk8x0dyqrgq2xl,2240940816
1FmL2qJHUbdzrUQBMNBovPxBpaJWzwxWnHQQiJa5h9dcY,iota1qrd4avgsl542n3y7vumf46f66lseudffuavr2sald85m0ts85dl366argyr,2238300942
1GR8iiBWCiqAEiFGVB9YZSMVfoVbjiRfMobJCsKBjHUwF,iota1qrjsm79th4tu0t7etgjjvatszvqlq0z67kf0xjvfemsgjztgkyy0vf42yh9,2215322336
1FaDBiTP3NVfWNV4ARvzmAk9VzQqgvRmGdNZ56i3ciAmN,iota1qrvgtrua22uxu70jl6tju03vyupxsuntum8rmzklryyg4gurats7jlersek,2181927281
1z1E1JVT33HvXwMFq347EkNTei7zxNxEZmHDK61dESFu,iota1qq8f5hqj92mpu73hgqlmwx396xkamzypqh8f5fzau9pzp755we0xce7axe3,2135384874
1DqSQL9LKecy4wovKVoqGcGSNbfLurHjvQh5fR85itxRr,iota1qzltfkp8azh29maq7qamqffz43a2e32kx69jzl79jt0f6pt4u9dz2mnexvd,2051142988
13zjYc1QW1UwPNG3EKQMvYkkrCrLbxvmeCPCAUvdRLRkv,iota1qqkgr90t6qtanhmfs6gvq9ld3flygh4ez2wjkdymreg6jkjllmyqkazhgar,2015277115
1HU16bhHPV3HJqRXxzioMBrC8UmDahYTMeER26zNuTYux,iota1qr62tjpyxuqu8ckmv8ervdqww7vera83svgzxysff5gkhnp4ul0gkml85z3,1993989068
1AQ8DJnx6hDhxW4gos3hZsRbS7arUvgAX5DSQgEwK9AZm,iota1qz96tvslf5r6fgj4m7cqprewctpvxjmyyruu7rlxn3qv28kxasjeq7r8r7r,1985159145
16mihwm3zzC5GmAGcG3a1KuyXjf5TnBvHzDypmCLHFnkx,iota1qp2m7fd5ymwk5strnkt36893qqzzezlhnptg963u8arfensxz673jg9ds8r,1947745760
1CxngPKbfSAwZtTN6cHiNd1b4pAqK39BtUMo773LGiANR,iota1qzcmkfnssvuh4wu35cz89stkdej2gd5h7d6yhes3tzh0ul0xqv0avjuxxfv,1912387055
1EujRM8VLnA2CaLamu3RvhAAYiJL1nzL47g683myV6J5c,iota1qr825x98k5xatq74cuuql4xx5swhw8agrmtkqcwcxrd5q23pltv0wr2l3ta,1838054449
1AbFtBHMUML96pQic9aYoQPYfenJxm2oRY48hHctV1Eiw,iota1qz88ls0ydynjqm0wushff20dmrlqsjv0mflr2xzefy9q2zedrl6mg2xj47s,1826896756
1AxywQpyC2puJCZepytAXhBtiGkUJX9oxKpotHdZHznX5,iota1qz2ppqwgmrrr5ya87ra85r34gx5lw6kc8xctyvc3ca90vhju6zeqcwfyasr,1826844738
1HVXrgbqyLsYL9QiwuaiRQ82SXVCfX9mpCbcPckEmcQKw,iota1qr6s5f99zeur3l82fc3xktt2vzf2s8kzrrs996en5kfzuqy4hg8puu9frjn,1823554649
1EHVioKtDK2p5CqH57rHkHxt2R7gNbtCLq6vvYcWsCQd7,iota1qrzkrv5j537suqevz9vq2lguxrvyreulx55ne80rpd0r7uke08g6yx0pdld,1812435969
17cmQuPj8RiYgr38kCnGvFusQeZ8qKQjifRDSM1KdtSF6,iota1qp3yl244yamz0h4qp0nuezudsm4zflczut8a9jzp2fzvpx3dd0sz6rwcs7g,1799483681
1EhewQZR7U1RURh5P67hLKAxa883i8PMSR9sSTtmQCmFS,iota1qr9eyrcllzvx2kpu9u8rm6jzcs6tf7mkmzjj7lknfwcndxz5tc6a6lmp7d3,1785842165
16y9qBU4ttYK7z7x6yQofWnVy1ntNZofQe7Ca7UTyMvEB,iota1qpv2eu0pytwnrz9ajqrat9vzkjfupplwfwxj39v8kqxw99xmmm43q3qx4ft,1779183961
15N7ZzceH4gm27Pub8AKAVYW7AaH1AAg84gBaGTjvUBnF,iota1qpqdwh6rx77hqnjqj2ujjsywgjy6hw0d4edjp5ur5mpm7rsgeluhqz0yl4g,1778754819
1FwcgjaGLCNfaPAh6SGmUJLyGDX6vrhm2ax4D7mkUMSP5,iota1qr0qz4r5p8cj4zfs6mmkpukznddnvtg408w5ukxeegu0mdedtudng8crkxj,1758767203
13PWUE7ZJgMK54MSQqHcBXQPhkqod6RASQVschioeEFFo,iota1qq3hk7gty73z98jcawvs2ncc8a4nqxy34nkt3c2w2ete6xdjtt525eznvuz,1747609509
17ExxLnQmgpGgopunNLWLH5n9zKGEasBqX8j1P9D6tKTZ,iota1qpwtnuyvdj9xv7pdfarv6cu2js9n6qmzkk7pcmcrnk6k9ds720m9gpglu8v,1701899378
18vaUq6gHQrQqKPScoi8yVAZYYXHmNUZJckBnWjCJzUEA,iota1qp6mkun4ll8hwyj9xl5w7refygey6cf3qemuepa3y2y20d4mctsf7m2830e,1682626998
1E9baW91NpHbxjZrftpAyWdbnsVeFDPXSaSdGR3wYFgit,iota1qrp4htrwnu80uhzlh7qusp77za22aqs83sa68pxlxrce8zpl3mv9jrf45he,1671105184
17sA8ChTHrp5NmmJ1NCbyuU432ZXfNzFuq7YDBbJbLmhf,iota1qpjl775whyr7dzvl4mlf0k676pwvyv7epgcss9u2vhafzerxhz8eu705qyk,1667255910
17AcC6vd2xbc8D16uL2yhQr6grZ661yUkhussevaZUFKU,iota1qpdecg7s363hfpmywd3757hzch20zdjuzysec82d03y0lr4fk20m79gl364,1660116547
12nXWCRxH1rttjo43Uee1CPj8U6Sn7QEcFixtt7MrKZTd,iota1qqdg25z20nz230r2y93jwkafkhzuum99ewktegkxkxetet5gqva7sp9tsf6,1648425677
1CXW3hm18mpWZX3sp3vfKeFJkUVZYxDiFaet6RcUHbjDn,iota1qz45p5k5jscq76p2sx8hzh9gz8xuf977eahhs7vjsydzj6wlv93t6l8fsqp,1640727128
1DpMtz92hPYQHapskbbfZon5QN8rfvHszGWYN9DjNYniV,iota1qzlxu2edg4tj9jyrjnnl238eqem8jydtj2wkg5f6wys9spk2z8uzy420qxe,1583547200
1D1t9CTsudPVYzGzk3MRJ42JhUtqqT64Cr8cL4b9EZpwR,iota1qzegvyva4cfy3ufecmplsff5qw89d0axlmka50twpyy7kf8a8rdvq7crx2c,1578189426
16D4KVyV4LQnBcmPr5sLD6TBmPpmjDVZ7qHirewf2gpZ,iota1qqq4tzv9tazd9mnxgn626xnxvmuaekyzfevfy0t0sgfrz6xycmyy5hnx6vh,1560516576
13aLdAciztmTCZQeGj2StbdHSyAmHTBDAFNX3aN72fbHW,iota1qqnyrw5aktuvc03umccefyg0lx43kpcf7vfclzdq57xj0gd7cjes2y7c6rk,1549566951
1BRduf9STLAnWXWkxKaMBMyhgQTR9Z7EtK7eb4W1TCBPN,iota1qzdwfznzjk3974nhsef5x27cruylvre58j54m3jexu0scmgu7wkfz0ytfjx,1535613332
12VWZn9uAJ75TfVXmaN58b8Surhy8XvPNa7PsTPAiPiAN,iota1qqtzjcgxpxee2ru5t95xxh5xhna3w80fg9reztq6hgeur4fw6c8sxpvyr0r,1508785452
1qmZtWe18Kd5QgLeQgfMsjbkvtYSL2Jfs3xBt7DVVxXt,iota1qqx8u32unev4axud9j729a548a8ypkx3737fq0xgcf3nkf7v9nw9k34v45e,1503895833
19iQJz7WEzNVsnBjTrPmruNzQCLgQssXcx7xoWGWo15hk,iota1qzqh32jkp2ellks3qnfvwp2l9kg7htdr4rtzvvju00x3p75s0n7qkyujqja,1500488705
13Grd6qBvrsPLaYfvrk4ybeHp7qyjthkkcE7c2o1dsPdE,iota1qqsuwvdee5rx5npwpwu4nyavtuv6zn0f9j5z025ldqfpyyly97s9680yskv,1500488705
142ThPjWX8UxjpCE9B2QCg73Vj3pnAhuitxWRQrd9f4Tz,iota1qqk0957tywgjqp8lnfcylmlgvm5lmkwc9454wg0zydu444pv362rj0slrqv,1490631442
1DQBe5qUikfYWxqCajGfFheb2WJYVJm3rv7CPNbdVfNQ1,iota1qzuregdka20cdgghemysn6ejh42qas5q7lv5yjx7dc4v807c7ry95r95f7n,1478745507
1CvjPnNWTSf8BSnLdDC8Zjv6s2uGLFvxLfSkxSojejnru,iota1qzcng3wnje8fryrzwhyudfyl39dy83fmetj390kgdvadpkcljkfuynrweza,1477145978
1A6r98kNr3Bt74WuUb5eWtUfoSoe5LTE4vtbFebgZXKnv,iota1qzrn3fjq3kvl0yeyttyx5cgjjavm8l89q25gjysy436gv4ea5ufl7xj3jqr,1457613512
16RzSHQMvDx55VHohPJ9ut4cCtwPK4bauAKPMRFqwPWWh,iota1qpgtz5ffj83rlc36g2gy4q3zyzhp25c0h5fhzc52u33ndsmzwwrpuk3h2ks,1451397454
1FdMxoRLYfFCTiUfFAjDbC4i95Dyo2pPdcxtEDUhyJ6mZ,iota1qrv4gwja0aamy9x35hzwatwmgcrfsmfqnrkry5wdamt7zqvjezdtgvj3ld6,1424491548
1EKUrCuUxKURtMuPBE11JwyNbL1HjKQSVAiMHkbSh4W5W,iota1qrz78hmnvyek4vdhm0n5gve8m6frfzlun99z3yk223fhu6xqkh8mzdqppje,1388807735
1GiLWB9MDh9QGP6i2LErSN15MAYyRnTn4zyWhCSDpgpi7,iota1qr5hv26ssf0l7hcpe77ltxwh0u3fy9yaecqqtdqvc97y2annxhargjgkg3l,1377572016
1NTVwhYYK2jZ3vTVgFQrmPw62RLnwR8fVP1gyWFEhGpV,iota1qqzh72xkh06zmqu5gwxuz9qhg8ugs58hzzsn6aggvhp7edrcqllwuhdxz54,1347584089
18yRsHKoWjeDjzaWbTaMf3q7ZJycuTrXgx97xrbJNUQkr,iota1qpm8vumwmaw3v59qgxcvufgy3vtr278afz4jhm6fvdsms6ez37h9xhvk5vu,1319624834
1G9MUdJvUBgWH5KSGirF3WGCm6Hj6Se1vmwLdMKbadcoe,iota1qrssxxj7n3pw9kkpwfnh9gdlg2mw5afyfpha2f4xdytjlmy2hjhw629gz4z,1304370784
1Ho6i7dGCezMrZHQkoygis1L51fsXnugkHjU1kb5AEEA4,iota1qruc52dl8azd52lcdvt6ch788ymn7rpqzgyqep3elp88e9wpumd0j769n6t,1295618887
15uSNr1FWfLnfU6eHXPYHWZc8um7tdDQjgVUkx4XDwzrF,iota1qpydmf92el34p3ur8h0e4c0y8ln94zsuwe46gerg6d2kntxv7qn4csvhayp,1256853055
1FQJ8XdFjxwhPS4ruTpb9yJrm78bbE4yMxMuibXar1rv8,iota1qr2lkkpr6eytpkvqvuqyc995t6mu8fv98xxe7e0h4pnt0fzpaye36p2qymh,1254798375
1Hrsjv8cP1bKDvq21sukMSLa3Te6FTzHQcdYeoALbeAHw,iota1qragr55pner5e9z09wffvtk6nqhypj7n5pptf6ty9p9ug9rqz0tjyqkr86m,1216968852
13ywdDT8LJQvctnRiWTthxW8vtwCyfaAbQzPFAG6BrEBS,iota1qqkym2wyn6vf90jj3wh79853cvj8csft3j9l34sqvak9f5av8rlajahlr2c,1197267330
1EFv1xn85EcnvHv7HX1nog3xm35A5Ruiep2p5Wn9qJfqR,iota1qrz05q0939c943xfjpp3kdlr7x8el3jngt4l7nl6xgh8crdqe6dtsgkadyp,1178853234
164Fu3XVxZmipWx1VGxVVe7XsmuKGTDYkheihQjXvgDsP,iota1qp9jqpvq30pqr8wzm6phkhwfymckc8tkan6lt7m9f6cgd49gt5cyymyd8vx,1173664517
1J2YzorefGGu17wACBMXLeWtbLETPyFX5fcge7uCShQpd,iota1qr70cml55n9sd3e5402fte4skfrj0rtrtzenpd8dtsvt39emehltvej0hqz,1172455117
1GuD9MdCY1FDMXyqNN3xiSeF1kMNZhmds28uaYFPeYPk4,iota1qrkr709lecnt6g73v28qscavxvl8tgfe03nu4c2sgqxqx7d2vj0vz323txg,1157110037
1HNN57JDURCEM99ct3exjwYrLr3mfJhRWscJaknuYv7st,iota1qrengqelg9v7g3l7wcxmvhnjttw90n7m6gjz0td8x8lujhvafhqaw8qtjdf,1132206793
19KfjorGrroWhNAMTkiBg2bRP6BpUaeeYMriREB7QSYJ5,iota1qpa6tsz30mu662agg0j4tzz6cq77r89uvdy3apj24q8l24h54t69yxmrufh,1081685069
13u9WXB3xVrYUFf66njchXfdYLNhfShoXvHtbsAwLHKhN,iota1qq43xvn345xsvh3sw0mvwm88fs9gxrf2vnmxzj90gr50n854l7746vmag7p,1055754485
1GE1f9q2bJZoPAaGCNemkH9nddqrVmby8jyBUpBXgxb7y,iota1qr3rfxfzhkgfy58hmjpkpngwh5yr6ezwuz863zeyl9m2tl4zdggzgt9zyrq,1055689464
1FnLnijVToaSKckXbCsEfEVY6vkucaCaYcpfizZAgKxot,iota1qrd6zgx8ds6lunxv4ml4vh65lw95hef5rl98n7cwc2vqluvhzzamk58mumd,1032827896
18CMAXzZSe5QMoS7iPUBzMaGf73d8Pd52w3r5ka46Rw5e,iota1qp4wnl6smdyzndlc046lhd79qrarzzsnxw4t0jf2ed87hc8etm69233rlqu,1004868641
13ex8WPxDZrhPXmS4sogphWRThkgUmNk6hTaSqcG6ogY3,iota1qqnhqvhxnhz7jnzw4y9gerzmyvsfngzw8dn2hz7ltmfh70rlmdlzgp0hg9u,1003724262
1C1BPxDocrXFH8sDg8ny1gJpnpoXuBmGAsDkRPW9GAY4i,iota1qz3hcnugtzk4fcyxx8nhyhr7ck5sr24480u6dxyqqrjgpcj6kgmvk4xnctl,1002813960
1BBWSPooTxUWyPiC5BpQ4LTW3EoD8Pb13jg2E3sRJnjgB,iota1qzt5tanemddvpm27ynz9huhvwr02xxatxedupu8key74gmtfgd8kqmp7ssv,985531239
15QFv1ePKbxNtmvUCe43VKNqoCP4Z5eSjUdRwR6tUaBtr,iota1qpqk87pcvdp5rt7qalf7jjd35tsswc02q48xa50hsmmwwcgfwkn37fgw6zm,978196811
1Ah1yDah5dsdGhT6MBbFhArFWpaZuxm9jQ5SysAp5sK7U,iota1qz8lnq4e0fvt8rjut0ay5hy6qyuy5ejvervakchnrky9hd63qpj67530nla,961577310
12gvzd64jat1b39G1W7TKJboNecMd4nFnSRw27VbnwEax,iota1qqv3vcuukr76z3ls6msr8h7qpwp9w6m62egaaec5elurx3eut5js27a49uf,961577310
13CrXSSGLjkVtcHJn4ZfYV7MekffMTMg6P87F5hbRCZGi,iota1qqsvps4c2hsvcvkkwpmglv9ehl734kqukms0n9n8keu3cmvx974gwydk3lr,960042802
1Ca62Kx188e2HZTWRLmM173TmSEDqQPrpUJVso8BcaEy3,iota1qz475ehm8huykwhmz3erm5s524qu0j3avyfl3kzfwdt4nmjmwtwdu9cyu4u,950601677
19RJQipTsQfGWKdiHM2W9KjvzzAnTmwX3bL578eJG1Y1f,iota1qp73w859hmxhuqv58xun6hgstmnmmdmfh5p53ltr8r53q4zj6vzayf2td4f,937454324
12ibRxL86pX9i3VYncwv51uG5RMXbQHDJ1n2My9nZ4Jz7,iota1qqvcxm357aq62vayl6jzh82hv0mwntl80x5txpg709uddpuevfv7c3e84c5,925204269
134PkkABkwBFtjqCCcCaCeQJJXjnLxTNthqhVXC6FXENB,iota1qq0ftkp5ylv8f52kcpyva02gjtsp5tx4688fc668zq43vd5s9q03qwt9q6y,919027225
1HfRasiBnpEt7wq9swoKa2cXxNVABG1JG11TCJjgF3Psp,iota1qrme9k7uxawtq39vmpwat8cqag0ms8z959k2exg9enrkq6lcd7ajkkduwah,887569811
185oNSQTgirKJEzqbnfUDipTRYjFaJmbbTq79JuU6AXCf,iota1qp5nerlqdj3x85jnqypku28qeeydx54ym4azn4djz5d8e256zqx0glxxt58,847295479
1GYRW8anghHz4MBDFGQjENpEc8TmEMFf8113KpvwSfqd,iota1qqplk0w6jcduxj7j9x94rrptz6hhzeuaxw4nhgy6ccyq8x3clqzggz6d9hv,798568349
134fPSuaUsC4483U7kUBnfotFecymihomoS6TiiWrv7xi,iota1qq020p2x6ecu6u5aqnc7lqhcterxkxgwc9fxf2pzt2w52zktuzm67cxwhcr,777137255
1G3wGzD8kMcDR1HVydAZupSxywDNjBhS84KENha1pvzYh,iota1qr0el4wdzjzfrl5vws9ju55dywydt5jtwz66gmzlq585sz5tfwx65r7295a,776317984
1C7zXusGf3nm9RB7Xmp4kqdGP5R5ye895bL3senR12YFg,iota1qzjnkxqppsa8ke6numeak7vdzf2rjjyuzs6x4jjcskaf99z5t4dew24spqv,754704829
1bmgTfRkeHo6Zb5t4BATxDnyrvqGXBEs2J5weGHe61k3,iota1qqyws3yfah6q4eec6mwz9dmdzv3m6gt58lchehvkngnsm77knltpsf8gmdl,751947916
1EZnnVeMJQ4QY3T9hqVV8rhftwTmDgxvBPCZbmd7RRETg,iota1qrycujx53z58nxn9dt2mpe6ucw5kv4ra4w72qth0py03hulllekd72llehj,698565245
1E7vP7ozYt4G4TWoaUK8X67dWn1k7QoJY1sQGC195VomD,iota1qrpwm30m828h6n5ppgry4e0l48xrddpv9vc6m9t6elxvjuzv646fcvehdm8,683714329
14r8ijcixp5doifwAVQjQmr2t5rgmsPamdK7ijEHtcxzD,iota1qqujj0auzxu02gq6z9q4x37k4z6ehmsdn2denvfxm9vcxt6r6dlf5gv3wyp,683675316
1BXx4MBa5NxKwYgtDP5DGioNT3m23iuYacem55krUWsBk,iota1qzwg9rpfrnuyxgyrqjzhnpsxqk8yvfdxdld8mhkt3ehm5e7mxuws7uegfpg,663102506
17ah32fynPG9LXxMqfTmaUc2PygeVPb1MhHWqRCutYb6F,iota1qpsu0rjjlytajlfms9rjdr0la3hhwwfds3xx3h49t9584xfk8fxyq4ssyvl,662933450
189tGfSYyxhGByk2cCE7ZEvJ6VwHNjmeecreZmt4FttE9,iota1qp4ysmg6wv44ud9w58w5hjg3aqt8pzfuzyshaddcxazd64lsjkyeuvm0w3v,654571682
1CA7GxQcaATBq8BQon58NsaU65ifi3ejkHJ2xWvRUkRqw,iota1qzjutc84ryj3tp539t7qndzvj0ayc6tzjhu5pq20rv4wul7eq3eeuq8a4rw,644519355
1GFCVJC4eXmzytjn3knqiQn3pK2kKd9jwH2xmjSqfsgwX,iota1qr3gym9jvswr29p0c4g87hflssxze7d4pjepy5cyhtvhyvestgpyvcr22fu,606611806
16PyNBGdrDoqUH1iKxvd3EUcedrRewyzDwyT7mGgBW9on,iota1qpgzeuwkvmfksqdhjwnw2v09wt2tj5esuctp9jn0xpn82qzz2c0qzxkhn4f,597365745
1DtbYXwmJy7UFSVEBxC71MjEFZVR7N7DKZunxPnDUT6rz,iota1qzlc8mzvn66e7l5uyc2z7tlehax6jrszyqr8yt8yg4arjms00rfgwhyu2kp,552578920
14kLB81dXJAFaKTTBV3LTJKTQRKwYCxmYi7mZysYzRCKW,iota1qqm6ed6mkcfpgdh3v4z2rfaf8n8rfsec93zy0jtldxap9hwkr0d76xy0p5g,546935051
1Ay51pyLdWXdiHUewSKXAMN6wsE96N5jYE2Mk9ZYJVcKj,iota1qz2pv0eqrmrq47mn9v5sjhwzvfzzs7zxmgzx4ud4twr56hez3uel5n99l6l,532032118
13LM4ge4ifGYnfH6vCYv9eCuQ8UUnLv7ViTZVvgvsCfon,iota1qq32cxzc6f7vzk39p4dlcxtl9e57t29j97eredwwtv4nhekyclcjjyuhnqn,518156525
1EXoYJcHCY9PAGkJPfZcvBtnhL7Nzp2wCaWyWu5WtLZNN,iota1qrysh7sceynpkpcur4rajadf9330aq3q30eg4u8a4nw55p8amhde7uadala,518091503
13Jso4tVwpvHLmihYaXUnx8M8o13jjc1Zk5W1SpFb15YB,iota1qq3yhtjvckw3p9d5wcwtlwqzqkyvhydlgff5yujvvspdwv785kkvqjd2eq4,513839096
13toBAay9wa8XLqPBc9dkBi71PfS4KrmxT2nNWjiWPkYx,iota1qq40cd99nm29xdc4ssml9upysffs9mhyehp5qxhtsl2st8grpv8jjms0ktg,494306630
1Bpp9Bq76w3XfZ4XdvUbcKufdrHb9a4CvEpjU5Y42XkV6,iota1qzsdg7z0xs67u488eyx4dpx5zpztpu9lxyv4hz8eew8tyy3z47uvjf64f05,488129585
14HuVHC1KQcWPVTkrzUNfSnYVkiyLKNMjZsM6S5Mt4q4X,iota1qqcw0vuuhdaa4hqj8eafksqmtftdudkn4cn5nm3ctl4w7jd774jngve9x67,479689791
1AXuiKiWsmRJwz5fsTN5ov7YoH6HdjA7euwUttN7ZUGih,iota1qzx6gdtj0tfs2dfesa4drg9hh630pg6nz2xpydcvm4xvp426s55yvnw6td9,452874915
16EofTeJV5oyqKwFagcCNr1SiVsESJ3WDrKdBmELeQXs4,iota1qpxa806ds49w5jn7782q4vpl5ssvpwejdgmzaaa63tmsr0gzkt8fw2c7w0q,424707590
17oEkHZnCWK9QpewTG9Bo9fBhhQPTgAy2KBEtcjx9vu7A,iota1qpj0ucdmkmerc9vaqpxtdfc9ylzqsr0g7v6tcm0kudxh4mxhddra68zgwzj,396748335
16mheiygZjUwmsXv5W9pGsmHtmkR9Nn5VMxRxTedBsWAx,iota1qp2mmapt7xxkc4dufs5gl5glksp4fkkscrmz7uam7egpswmanm3c2ws33mz,332012906
1FVeQx7THoMhpJH2CkD9MrXdWZKVTaRKZGri8uVBN8YKS,iota1qrt45t4ud7w9kpejv9gasad866622nmxnlglrvwja0kq8zsnwnanzua6ska,328618782
1A2a6W751qdPa9zGDN78vcukja2Zg9uP1yfY5oui8B6GZ,iota1qzrzqtcpme6lvk3hmv4uzm7xev0uy0nz7ke5kxm5fxmr0pt4krnd5atzqwf,304183694
1sMqh1yV5tnZjRDE6pUnSA2my75eWtgNkLBq2jhq5Wi9,iota1qqxwdx5wrj9mfu85twzf90z4290n6avkzs475d220d6n6c9mcn7qvh9cy7n,295548835
1EFvRpVQCA5JecHuNKNVDjDhkQ3S7c4kq6ad3B2dfL1jB,iota1qrz05784chh06avdg7v26jqd6496nmd3x2us99syxdv4mnhpdqd2vekadgp,258928713
15Woy7pLNiV5kQwYCPfLBvY6X7zjxzVinDuAv42SZf37x,iota1qpp3rv53a65klsqlntzkzd2au9yx87dye7svkrj3dfjtehslzuqjk33swfw,189381691
1EF9sw4mdxYte5dAtyPFJ1VtWCpiKg7CJTRAHqESAYfaF,iota1qrzvsxv5pv4ypvluswymvz3vuxf4gu2k2qanrfqsyd6fy8s26yajs980wpm,187782161
1FXMEMhmwThqWJV6JGnADQeMHeo9TDa3Vfqq8BrS1BMBv,iota1qrtun6nt44zpw4znwty5ehfsz6hacs759zuh6a87wk4wsgxnac7mjkgy7fk,183802844
19ES4VGEAaatdMRs8nNjBZqw27GDPhZJ8mVTgTUkBt3p5,iota1qpayucd2xrzjhrv7tgtdc9auamkzm5vphpjh23v9rhl9p8snmtjz53sj0ms,166741196
16i2qZQASUgypKXjBsdNzjYijvcMXkseaJNE2Wp4jbu5R,iota1qp2v65ea9348e6ah68k2pjlfleqkf9kluuhpln03zutad3sxypsxqe09jkr,126245791
12PNt8JnMYijXpCSRUgxXvJxjghc74m7CpFcF68rogH24,iota1qq2fwdxf2tc8cd9d4075a9x3jaj0weh7kzsynjzvgvukrlv29en420yt9hx,101849715
19Bq5nMzRCNdj7NU7EPr59vjpjwKd4FarucHcAH3eu1UM,iota1qpu682a97ea99uvsyl74ny505ncutsccftpdll39x3dqgwqq2jrxy2s3v4g,87271890
